t,u,ww,n,ht_neige,ssfrai,hteur_fraiche_24h,ChuteNeige_3j,t_neige,grain_predom,homogeneite,Avalanche ce jour la
273.45,99,70,8,0.4,0.1,0.1,,270.75,0,,0
275.45,99,63,8,0.3,0,0,,272.95,6,2,0
271.65,99,71,9,0.35,0.05,0.05,,272.65,2,2,0
268.85,18,0,0,0.5,0,0,0.05,261.15,2,1,0
278.65,37,0,0,0.5,0,0,0,267.15,3,1,0
276.55,75,0,1,0.5,0,0,0,270.15,7,1,0
280.15,63,0,8,0.5,0,0,0,273.15,6,1,0
277.85,50,0,6,0.47,0,0,0,272.65,6,2,0
272.95,57,0,3,0.47,0,0,0,270.35,6,2,0
272.65,91,0,4,0.45,0,0,0,269.15,8,2,0
269.15,88,0,4,0.45,0,0,0,269.25,8,2,0
269.75,51,0,0,0.45,0,0,0,263.65,8,2,0
273.05,45,0,7,0.45,0,0,0,266.35,8,2,0
275.15,83,0,5,0.45,0.01,0.01,0.01,271.55,6,2,0
277.95,83,0,8,0.45,0,0,0.01,271.85,6,2,0
277.25,87,60,8,0.4,0,0,0.01,273.15,6,1,0
276.85,74,0,8,0.35,0,0,0.01,272.35,6,2,0
273.25,99,45,9,0.37,0.02,0.02,0.02,272.35,2,2,0
271.35,62,0,3,0.4,0.04,0.04,0.06,271.15,2,2,0
276.05,99,61,9,0.39,0.01,0.01,0.07,272.35,6,1,0
279.55,42,0,2,0.39,0,0,0.01,270.45,7,2,0
279.95,31,0,0,0.39,0,0,0.01,267.55,7,,0
279.05,40,0,0,0.37,0,0,0,271.55,7,,0
277.45,42,0,6,0.37,0,0,0,271.35,7,2,0
272.75,89,0,6,0.37,0,0,0,268.85,8,2,0
272.85,99,45,9,0.37,0,0,0,271.55,8,2,0
270.25,45,0,0,0.37,0,0,0,272.65,7,2,0
262.95,42,0,0,0.37,0,0,0,260.65,7,2,0
266.05,40,0,0,0.38,0,0,0,264.15,8,2,0
268.75,42,0,0,0.37,0,0,0,263.15,6,2,0
269.35,48,0,0,0.37,0,0,0,264.55,6,2,0
270.45,41,0,0,0.37,0,0,0,265.05,8,2,0
267.35,52,0,6,0.37,0,0,0,264.15,6,2,0
269.55,82,0,7,0.37,0,0,0,267.75,6,2,0
270.45,90,44,7,0.65,0.25,0.25,0.25,269.95,1,0,0
268.65,99,45,9,0.68,0.05,0.05,0.3,270.55,1,0,0
265.65,97,44,9,0.65,0.01,0.01,0.31,268.05,9,2,0
266.75,88,0,1,0.63,0,0,0.31,265.35,9,2,0
271.25,40,0,4,0.6,0,0,0.01,265.55,3,2,0
275.95,49,0,1,0.58,0,0,0,268.95,6,2,1
279.25,34,0,0,0.55,0,0,0,268.85,6,2,0
276.85,37,0,2,0.53,0,0,0,269.05,6,2,0
274.95,47,0,0,0.5,0,0,0,270.35,6,2,0
279.75,41,0,2,0.5,0,0,0,270.05,6,2,0
276.65,43,0,7,0.5,0,0,0,270.75,6,2,0
271.55,63,0,0,0.5,0,0,0,270.45,6,2,0
269.05,96,73,9,0.6,0.1,0.1,0.1,271.25,9,0,0
270.95,77,0,6,0.57,0.05,0.05,0.15,270.85,9,0,0
268.15,72,0,3,0.65,0.05,0.05,0.2,270.75,1,0,0
271.45,99,70,9,0.78,0.06,0.21,0.26,272.45,1,0,1
271.45,99,70,9,0.78,0.06,0.21,0.26,272.45,1,0,1
271.45,99,70,9,0.78,0.06,0.21,0.26,272.45,1,0,1
271.45,99,70,9,0.78,0.06,0.21,0.26,272.45,1,0,1
271.45,99,70,9,0.78,0.06,0.21,0.26,272.45,1,0,1
,,71,,0.73,0.15,0.21,0.41,,,,1
,,71,,0.73,0.15,0.21,0.41,,,,1
,,71,,0.73,0.15,0.21,0.41,,,,1
,,71,,0.73,0.15,0.21,0.41,,,,1
,,71,,0.73,0.15,0.21,0.41,,,,1
276.45,93,60,9,0.7,0.1,0.1,0.36,271.85,6,2,0
269.75,63,0,0,0.65,0.01,0.01,0.32,270.95,2,2,0
270.65,98,73,9,0.75,0.1,0.1,0.21,270.75,2,0,0
268.05,99,73,9,1.15,0.13,0.13,0.13,271.75,9,0,0
266.95,99,70,5,1.4,0.03,0.03,0.03,267.85,1,1,0
269.55,99,0,6,1.4,0.02,0.02,0.05,269.15,1,,1
275.25,47,0,0,1.3,0,0,0.02,268.45,5,2,0
280.25,41,0,6,0.45,0,0,0,272.45,7,2,0
275.05,62,0,0,1.25,0,0,0,271.85,6,2,0
281.15,50,0,0,1.2,0,0,0,272.15,6,2,0
273.15,99,71,9,1.25,0.16,0.16,0.16,272.35,1,0,0
274.05,99,73,9,1.15,,,,272.55,2,2,1
274.05,99,73,9,1.15,,,,272.55,2,2,1
274.05,99,73,9,1.15,,,,272.55,2,2,1
274.05,99,73,9,1.15,,,,272.55,2,2,1
274.05,99,73,9,1.15,,,,272.55,2,2,1
274.05,99,73,9,1.15,,,,272.55,2,2,1
273.15,28,0,0,0.45,0,0,0,261.85,6,2,0
273.65,52,0,0,0.45,0,0,0,265.75,6,2,0
,,0,0,0.3,0,0,0,267.55,7,2,0
271.65,63,0,0,0.3,0,0,0,265.15,7,2,0
279.15,33,0,0,0.3,0,0,0,,6,,0
280.15,34,0,2,0.3,0,0,0,266.95,6,,0
276.15,26,0,1,0.3,0,0,0,265.45,6,2,0
274.15,30,0,0,0.3,0,0,0,264.45,6,2,0
273.15,30,0,0,0.3,0,0,0,,6,2,0
272.15,34,0,0,0.3,0,0,0,264.75,6,2,0
270.15,75,0,2,0.3,0,0,0,263.65,6,2,0
271.65,35,0,1,0.3,0,0,0,264.05,6,2,0
273.15,77,70,7,0.3,0,0,0,268.65,6,2,0
272.65,43,0,0,0.3,0,0,0,264.75,6,2,0
269.85,93,71,9,0.5,0.01,0.01,0.01,269.35,1,2,0
272.35,85,71,8,0.73,0.01,0.01,0.01,269.85,2,1,0
265.15,96,73,9,1.45,0.1,0.1,0.1,263.95,2,0,0
266.75,40,0,1,1.4,0,0,0,263.05,3,,0
269.75,36,0,0,1.4,0,0,0,263.25,3,1,0
274.55,84,0,0,1.3,0,0,0,269.35,7,2,0
274.35,63,0,0,1.3,0,0,0,267.55,7,2,0
275.95,40,0,0,1.3,0,0,0,267.05,7,2,1
269.75,40,0,0,1.25,0,0,0,,7,2,0
277.05,99,61,9,1,0,0,0,272.75,6,1,0
276.05,68,0,4,2.8,0,0,0,272.35,3,,0
281.15,50,0,7,2.8,0,0,0,272.95,3,,0
277.85,86,0,8,2.65,0,0,0,273.05,3,1,0
279.15,78,0,8,2.65,0,0,0,273.05,6,1,0
279.15,39,0,7,2.65,0,0,0,273.05,7,2,0
,,0,0,3.15,0.25,0.25,0.25,,,,0
266.45,,0,2,3.15,0,0.25,0.25,264.05,3,0,0
273.05,99,70,9,3.15,0.01,0.01,0.26,269.65,1,1,0
272.95,,70,7,2.9,0.01,0.01,0.27,273.05,1,1,1
272.95,,70,7,2.9,0.01,0.01,0.27,273.05,1,1,1
272.95,,70,7,2.9,0.01,0.01,0.27,273.05,1,1,1
272.95,,70,7,2.9,0.01,0.01,0.27,273.05,1,1,1
268.15,98,71,9,3.5,,,,266.65,1,0,0
271.15,98,73,9,3.5,0.02,,,270.15,1,1,0
263.85,95,45,9,3.6,0.15,0.16,,266.65,1,0,0
266.85,95,45,9,3.6,0.01,0.16,,269.05,1,1,0
269.75,94,0,8,3.8,0.2,0.2,,268.65,2,0,0
271.45,94,0,8,3.8,0,0.2,,271.15,1,0,0
269.75,94,0,7,4.35,0.01,0.56,0.39,270.85,1,0,1
269.75,94,0,7,4.35,0.01,0.56,0.39,270.85,1,0,1
269.75,94,0,7,4.35,0.01,0.56,0.39,270.85,1,0,1
269.75,94,0,7,4.35,0.01,0.56,0.39,270.85,1,0,1
269.75,94,0,7,4.35,0.01,0.56,0.39,270.85,1,0,1
269.75,94,0,7,4.35,0.01,0.56,0.39,270.85,1,0,1
269.75,94,0,7,4.35,0.01,0.56,0.39,270.85,1,0,1
,,,,4.35,0.55,0.56,0.92,,,,1
,,,,4.35,0.55,0.56,0.92,,,,1
,,,,4.35,0.55,0.56,0.92,,,,1
,,,,4.35,0.55,0.56,0.92,,,,1
,,,,4.35,0.55,0.56,0.92,,,,1
,,,,4.35,0.55,0.56,0.92,,,,1
,,,,4.35,0.55,0.56,0.92,,,,1
267.15,92,0,0,4.65,0.3,0.3,1.07,267.25,1,0,0
268.95,94,0,7,4.65,0,0.3,1.06,267.45,2,1,0
270.65,,0,2,4.35,0.01,0.01,0.31,272.95,2,2,1
276.15,,0,3,4.35,0,0.01,0.31,273.05,2,2,1
,,0,2,4.35,0,0,0.01,269.35,3,2,0
272.95,,0,1,4.3,0,0,0.01,271.65,3,2,0
271.45,,0,0,4.3,0,0,0.01,267.15,7,2,0
275.75,,0,1,4.3,0,0,0.01,270.65,3,2,0
272.85,,0,7,4.3,0,0,0,270.65,8,2,0
,,0,6,4.3,0,0,0,273.05,6,2,0
271.35,,0,2,4.25,0,0,0,272.15,7,2,0
276.75,,0,1,4.25,0,0,0,273.05,6,2,0
269.75,67,0,0,4.25,0,0,0,269.45,4,2,0
278.55,43,0,0,4.25,0,0,0,271.15,4,2,0
272.85,82,0,8,4.25,0,0,0,273.05,7,2,0
266.25,59,0,1,4.27,0.03,0.03,0.03,271.65,2,2,0
258.25,86,70,4,4.3,0.03,0.03,0.06,263.95,1,2,0
265.05,60,0,5,4.3,0,0.03,0.06,268.15,1,2,0
261.95,90,73,9,4.6,0.3,0.35,0.36,265.65,1,0,0
266.55,90,71,9,4.65,0.05,0.35,0.41,270.55,1,1,0
263.05,90,75,9,4.75,0.15,0.15,0.56,264.95,1,0,0
260.15,88,0,2,5.05,0.3,0.3,0.83,261.45,1,0,0
271.15,90,0,7,4.95,0,0.3,0.8,272.65,1,1,0
261.05,82,0,0,4.8,0,0,0.8,265.35,1,1,0
273.95,66,0,0,4.75,0,0,0.5,271.85,1,1,0
272.45,74,0,0,4.6,0.01,0.01,0.01,266.95,2,1,0
280.65,40,0,0,4.6,0,0.01,0.01,273.05,3,1,0
,64,0,2,4.45,0,0,0.01,,7,2,0
280.35,88,60,8,4.25,0,0,0,,6,2,1
282.45,68,0,6,4.25,0,0,0,,6,2,1
,72,0,7,4.2,0,0,0,,6,1,0
,70,60,8,4.15,0,0,0,,6,1,0
272.95,70,0,1,4.1,0.01,0.01,0.01,,2,2,0
280.35,52,0,7,4.1,0,0.01,0.01,,6,1,0
272.15,55,0,6,4.15,0.06,0.06,0.07,,1,2,0
271.15,65,0,7,4.15,0,0.06,0.07,,1,2,0
276.45,66,0,8,4.15,0,0,0.07,,3,2,0
277.15,65,0,5,4.15,0,0,0.07,,6,2,0
265.65,87,75,9,4.5,0.35,0.4,0.35,,1,0,0
264.75,81,73,9,4.55,0.05,0.4,0.4,,1,0,0
271.85,70,0,0,4.65,0.2,0.2,0.6,,1,0,0
271.05,77,0,6,4.6,0,0,0.6,,2,2,1
273.45,90,73,9,4.6,0.03,0.03,0.23,,2,2,0
280.65,43,0,5,4.3,0,0,0,,6,1,0
281.55,42,0,3,4.3,0,0,0,,6,1,0
275.35,73,0,6,4.3,0.01,0.01,0.01,,3,2,0
278.75,55,0,3,4.25,0,0,0.01,,6,2,0
280.65,70,0,8,0.95,0,0,0,,,,0
278.05,49,0,6,0.95,0,0,0,271.15,7,,0
280.95,48,0,6,0.95,0,0,0,271.15,7,,0
278.95,51,0,4,0.95,0,0,0,272.15,7,,0
282.15,46,0,7,0.95,0,0,0,272.95,7,,0
280.35,62,0,8,0.95,0,0,0,271.95,7,,0
279.15,60,0,7,0.95,0,0,0,272.95,6,,0
277.35,55,0,0,0.95,0,0,0,271.15,7,,0
281.15,48,0,2,0.95,0,0,0,272.95,7,,0
273.75,92,0,7,0.95,0,0,0,272.65,6,2,0
271.45,93,73,9,1,0.05,0.12,0.05,270.25,1,2,0
273.15,90,73,9,1.07,0.07,0.12,0.12,271.95,2,0,0
275.15,99,0,8,1,0.05,0.05,0.17,272.35,6,,0
275.15,90,0,8,1,0,0.05,0.17,272.95,7,,0
273.25,97,86,9,1,0.03,0.06,0.2,272.85,2,2,0
273.95,73,0,6,1,0.03,0.06,0.23,273.05,2,2,0
270.15,69,0,1,1,0.01,0.01,0.19,270.15,9,2,0
273.85,60,0,1,1,0,0.01,0.12,270.15,2,2,0
271.55,94,36,9,1.05,0.05,0.1,0.12,270.55,2,1,0
273.05,92,73,9,1.1,0.05,0.1,0.17,271.65,2,1,0
270.35,87,71,9,1.25,0.18,0.18,0.32,270.95,1,0,0
272.25,94,71,9,1.45,0.15,0.18,0.33,269.65,1,0,0
273.65,80,71,9,1.48,0.03,0.18,0.36,271.85,1,0,0
273.05,98,73,9,1.8,0.27,0.27,0.45,271.95,2,2,1
273.05,98,73,9,1.8,0.27,0.27,0.45,271.95,2,2,1
273.05,98,73,9,1.8,0.27,0.27,0.45,271.95,2,2,1
273.05,98,73,9,1.8,0.27,0.27,0.45,271.95,2,2,1
273.05,98,73,9,1.8,0.27,0.27,0.45,271.95,2,2,1
273.05,98,73,9,1.8,0.27,0.27,0.45,271.95,2,2,1
273.05,98,73,9,1.8,0.27,0.27,0.45,271.95,2,2,1
273.05,98,73,9,1.8,0.27,0.27,0.45,271.95,2,2,1
273.05,98,73,9,1.8,0.27,0.27,0.45,271.95,2,2,1
273.05,98,73,9,1.8,0.27,0.27,0.45,271.95,2,2,1
273.05,98,73,9,1.8,0.27,0.27,0.45,271.95,2,2,1
273.05,98,73,9,1.8,0.27,0.27,0.45,271.95,2,2,1
273.05,98,73,9,1.8,0.27,0.27,0.45,271.95,2,2,1
273.05,98,73,9,1.8,0.27,0.27,0.45,271.95,2,2,1
273.05,98,73,9,1.8,0.27,0.27,0.45,271.95,2,2,1
273.05,98,73,9,1.8,0.27,0.27,0.45,271.95,2,2,1
275.25,99,61,8,1.7,0.12,0.12,0.57,271.95,6,0,0
275.15,99,45,9,1.7,0,0.12,0.57,272.95,6,0,0
273.95,99,0,2,1.55,0,0,0.39,272.95,7,0,0
278.75,44,0,6,1.55,0,0,0.39,272.95,7,0,0
269.85,94,70,8,1.45,0.06,0.06,0.45,272.25,2,2,0
268.35,87,0,4,1.9,0.05,0.05,0.11,269.95,3,0,0
271.15,35,0,3,1.9,0,0.05,0.11,270.35,3,0,0
268.65,93,73,9,1.85,0.04,0.07,0.15,269.15,2,1,0
270.75,83,71,9,1.85,0.03,0.07,0.18,270.95,1,,0
273.15,94,73,9,1.9,0.04,0.04,0.16,271.95,2,2,0
269.45,95,73,9,2.15,0.3,0.3,0.41,269.45,1,0,0
269.95,95,45,9,2.05,0.08,0.08,0.38,,9,1,1
275.55,86,0,6,2,0,0,0.08,270.95,3,2,1
275.55,86,0,6,2,0,0,0.08,270.95,3,2,1
275.55,86,0,6,2,0,0,0.08,270.95,3,2,1
280.65,65,0,4,1.98,0,0,0.08,272.85,6,1,1
280.65,65,0,4,1.98,0,0,0.08,272.85,6,1,1
280.65,65,0,4,1.98,0,0,0.08,272.85,6,1,1
269.35,95,71,9,2.05,0.09,0.14,0.17,271.85,2,1,0
274.55,55,0,0,2.1,0.05,0.14,0.22,271.95,2,1,0
273.25,95,71,9,1.95,0.01,0.01,0.23,272.25,2,0,0
272.25,99,0,9,1.85,0,0,0.15,268.75,7,2,0
273.25,,0,3,2.35,0.1,0.1,0.1,268.95,2,0,1
273.25,,0,3,2.35,0.1,0.1,0.1,268.95,2,0,1
275.35,90,70,8,2.3,0,0,0.1,272.75,6,0,0
278.95,81,0,5,2.23,0,0,0.1,273.05,6,2,0
273.25,95,70,8,2.05,0.03,0.03,0.13,273.05,2,1,0
271.75,92,70,8,2.02,0.01,0.02,0.01,270.05,2,1,0
274.65,80,70,8,2.03,0.01,0.02,0.02,272.25,2,,0
276.75,84,0,5,2,0.01,0.01,0.03,270.55,6,,0
269.45,92,70,8,2.03,0.03,0.05,0.06,272.65,2,,0
270.55,81,0,5,2.05,0.02,0.05,0.08,273.05,2,,0
270.35,67,0,0,2.02,0.02,0.02,0.1,269.75,2,2,0
271.45,78,70,8,2.1,0.01,0.14,0.01,272.65,2,0,0
269.95,80,70,7,2.1,0.13,0.14,0.14,270.95,2,0,0
273.75,95,36,9,2.12,0.04,0.04,0.18,272.95,9,1,0
270.95,87,73,9,2.1,0.01,0.13,0.19,270.95,9,1,0
268.35,96,45,9,2.22,0.12,0.13,0.31,273.05,2,0,0
272.75,99,0,8,2.5,0.5,0.5,0.81,271.85,2,0,1
272.75,99,0,8,2.5,0.5,0.5,0.81,271.85,2,0,1
272.75,99,0,8,2.5,0.5,0.5,0.81,271.85,2,0,1
272.75,99,0,8,2.5,0.5,0.5,0.81,271.85,2,0,1
272.75,99,0,8,2.5,0.5,0.5,0.81,271.85,2,0,1
272.75,99,0,8,2.5,0.5,0.5,0.81,271.85,2,0,1
272.75,99,0,8,2.5,0.5,0.5,0.81,271.85,2,0,1
272.75,99,0,8,2.5,0.5,0.5,0.81,271.85,2,0,1
272.75,99,0,8,2.5,0.5,0.5,0.81,271.85,2,0,1
272.75,99,0,8,2.5,0.5,0.5,0.81,271.85,2,0,1
272.75,99,0,8,2.5,0.5,0.5,0.81,271.85,2,0,1
272.75,99,0,8,2.5,0.5,0.5,0.81,271.85,2,0,1
272.75,99,0,8,2.5,0.5,0.5,0.81,271.85,2,0,1
272.75,99,0,8,2.5,0.5,0.5,0.81,271.85,2,0,1
272.75,99,0,8,2.5,0.5,0.5,0.81,271.85,2,0,1
272.75,99,0,8,2.5,0.5,0.5,0.81,271.85,2,0,1
270.55,98,0,4,2.58,0.07,0.07,0.74,271.55,2,0,0
,19,0,0,3,0,0,0,271.25,7,2,0
280.35,42,0,0,3,0,0,0,272.05,7,2,0
283.35,40,0,0,0.6,0,0,0,272.85,6,1,1
283.35,40,0,0,0.6,0,0,0,272.85,6,1,1
283.35,40,0,0,0.6,0,0,0,272.85,6,1,1
283.35,40,0,0,0.6,0,0,0,272.85,6,1,1
270.15,,0,0,0.4,0.05,0.05,0.05,268.45,1,,0
276.95,,0,0,0.4,0,0,0.05,270.45,2,2,0
277.35,,0,1,0.4,0,0,0.05,270.05,3,2,0
270.55,78,70,9,0.55,0.25,0.25,0.3,272.95,2,0,0
277.35,34,0,6,0.55,0,0,0.25,272.85,2,1,0
275.75,91,70,8,0.48,0.01,0.01,0.26,272.85,6,2,0
273.75,94,69,9,0.7,0.04,0.04,0.05,272.75,1,2,0
274.65,97,61,9,0.7,0.1,0.1,0.15,272.75,6,0,0
277.45,61,0,1,0.65,0,0,0.14,272.65,6,1,0
271.25,94,71,8,0.7,0.01,0.01,0.15,272.85,2,0,0
267.35,90,16,8,0.85,,,,268.35,2,0,0
,,,,,0.1,0.1,,,,,0
268.45,96,0,1,0.95,0,0.1,,267.55,2,0,0
271.55,51,0,0,0.91,0,0,,262.95,2,0,0
271.05,85,70,9,0.95,0.04,0.04,,271.75,5,0,0
266.35,46,0,0,0.95,0.04,0.04,0.18,261.95,9,1,0
274.15,62,0,0,0.93,0,0,0.08,265.95,9,1,0
280.85,27,0,0,0.86,0,0,0.08,271.25,7,1,0
274.15,86,73,9,0.85,0.01,0.01,0.05,271.95,2,2,0
273.15,91,70,8,0.85,0.02,0.02,0.03,272.55,2,1,0
276.85,43,0,7,0.85,0.01,0.01,0.04,272.65,2,1,0
273.85,94,70,8,0.88,0.03,0.03,0.07,272.65,2,1,0
272.25,80,0,6,0.85,0.05,0.05,0.11,272.05,9,2,0
268.95,97,36,8,0.85,0.44,0.44,0.49,,9,0,1
270.25,34,0,3,1.3,0,0,0.44,264.05,3,0,1
270.25,34,0,3,1.3,0,0,0.44,264.05,3,0,1
270.25,34,0,3,1.3,0,0,0.44,264.05,3,0,1
270.25,34,0,3,1.3,0,0,0.44,264.05,3,0,1
270.25,34,0,3,1.3,0,0,0.44,264.05,3,0,1
270.25,34,0,3,1.3,0,0,0.44,264.05,3,0,1
275.95,90,70,8,1.25,0,0,0.44,272.95,6,1,0
271.35,97,36,8,1.26,0.2,0.2,0.64,270.55,2,0,0
275.75,80,0,6,1.35,0.1,0.1,0.3,271.85,3,1,0
,,0,,1.68,0.47,0.47,0.77,,,,0
271.15,79,0,6,1.68,0,0.47,0.77,272.85,2,0,0
270.65,85,0,6,1.7,0.1,0.1,0.67,269.95,2,0,0
270.25,68,70,9,1.95,,,,271.25,9,1,0
270.45,94,0,0,1.93,,,,267.65,6,1,0
281.55,53,0,2,0.7,0,0,0,271.95,3,,0
267.65,95,73,9,0.9,0.3,0.3,0.3,268.55,2,0,0
274.25,73,71,8,1.5,0,0,0,267.55,2,1,0
274.75,94,0,8,1.55,0.05,0.05,0.05,267.95,3,2,0
278.65,50,0,5,1.45,0,0,0,271.45,3,2,0
273.05,100,71,8,1.43,0.05,0.05,0.05,272.95,1,2,0
270.45,93,71,9,1.82,0.52,0.52,0.57,267.45,2,0,0
,,44,9,1.7,0,0,0.52,272.95,3,1,0
264.95,94,0,0,1.9,0.3,0.3,0.82,265.65,2,0,0
275.65,32,0,6,1.85,0,0,0.3,270.65,2,0,1
273.85,32,0,8,1.83,0,0,0.3,270.95,2,0,0
272.55,90,36,9,1.93,0.18,0.18,0.48,272.65,2,1,1
273.95,60,0,0,1.75,0,0,0.18,270.25,6,2,0
280.15,51,0,4,1.65,0,0,0,271.55,6,2,0
273.45,53,0,0,1.63,0,0,0,271.15,6,2,0
272.95,53,0,0,1.55,0,0,0,270.65,6,2,0
271.55,,0,0,1.53,0,0,0,270.55,6,2,0
270.65,,0,0,1.53,0,0,0,271.15,6,2,0
272.95,,70,8,1.45,0.01,0.01,0.01,273.05,2,2,0
275.45,,0,0,1.45,0,0,0.01,270.85,6,2,0
278.75,53,0,0,1.45,0,0,0.01,273.05,6,1,0
272.55,95,88,9,1.45,0.01,0.01,0.01,272.65,6,1,0
271.35,63,0,3,1.45,0,0,0.01,271.85,6,2,0
273.05,63,0,5,1.43,0,0,0.01,273.05,6,1,1
273.05,63,0,5,1.43,0,0,0.01,273.05,6,1,1
277.15,81,88,7,1.6,0,0,0,272.95,6,1,0
283.75,44,0,6,1.43,0,0,0,273.05,6,2,0
,,0,8,,0.04,0.04,0.04,,,,0
274.75,39,0,5,,0,0,0.04,273.05,6,,0
279.75,69,16,6,,0,0,0,273.15,6,1,0
277.15,83,0,4,,0,0,0,273.15,6,2,0
278.55,87,45,9,,0,0,0,273.15,6,1,0
277.15,89,45,8,,,,,273.05,6,,0
274.15,26,0,0,,,,,,7,,0
277.35,16,0,0,,0,0,,,7,,0
274.85,58,0,1,,0,0,,,7,2,0
276.85,47,0,1,,0,0,0,,7,2,0
,,,,,0.05,0.05,0.05,,,,0
271.15,67,0,4,0.6,0.06,0.06,,269.65,3,0,0
276.15,67,60,8,0,0,0,0.11,,,,0
281.15,99,0,8,0,0,0,0,,,,0
280.25,70,0,4,0.37,0,0,0,273.05,6,1,0
,,0,0,0.1,0.1,0.1,0.1,271.45,3,0,0
274.15,,0,2,0.1,0,0.1,0.1,273.05,3,0,0
275.15,92,0,3,0.1,0,0,0.1,272.15,,,0
279.15,59,0,0,0.03,0,0,0.1,272.25,3,,0
278.15,50,0,4,0,0,0,0.1,,,,0
280.15,68,0,2,0,0,0,0.1,,0,,0
277.65,77,63,8,0,0,0,0,,0,,0
282.15,99,60,8,0,0,0,0,,0,,0
277.15,92,60,8,0,0,0,0,,0,,0
276.15,80,63,8,0,0,0,0,,0,,0
273.65,100,69,9,0.01,0.01,0.02,0.01,,1,2,0
272.15,99,70,9,0.02,0.01,0.02,0.02,,2,,0
265.15,99,73,9,0.14,0.13,0.15,0.15,269.65,1,0,0
264.15,99,73,9,0.15,0.02,0.15,0.17,269.15,1,1,0
261.15,55,0,0,0.2,0.07,0.07,0.24,262.75,1,0,0
263.15,35,0,0,0.2,0,0.07,0.24,263.55,1,1,0
270.15,18,36,0,0.25,0,0,0.23,271.45,1,1,0
273.15,20,0,1,0.25,0,0,0.22,272.05,1,1,0
282.15,18,0,3,0.18,0,0,0.09,272.55,3,2,0
278.15,10,0,2,0.2,0,0,0.07,272.45,3,2,0
277.15,90,0,3,0.15,0,0,0,272.55,3,2,0
278.15,76,0,7,0.15,0,0,0,273.05,3,1,0
279.15,79,60,8,0.15,0,0,0,273.05,6,1,0
281.15,70,0,1,0.13,0,0,0,272.95,3,2,0
278.15,80,0,6,0.1,0,0,0,273.05,7,2,0
281.15,55,0,8,0.1,0,0,0,273.05,3,2,0
275.15,60,0,1,0.1,0,0,0,273.05,7,2,0
277.65,75,0,5,0.1,0,0,0,273.05,7,2,0
275.15,,0,2,0.1,0,0,0,272.35,6,1,0
275.15,86,0,8,0.1,0,0,0,272.35,6,1,0
271.65,78,0,6,0.1,0,0,0,270.05,6,1,0
273.65,72,0,4,0.1,0,0,0,273.05,6,1,0
269.15,50,0,0,0.11,0.01,0.01,0.01,271.75,1,,0
275.15,20,0,0,0.1,0,0.01,0.01,272.35,3,2,0
274.25,32,0,7,0.1,0,0,0.01,271.55,3,2,0
276.15,48,0,8,0.1,0,0,0.01,273.15,3,2,0
279.15,60,0,6,0.1,0,0,0.01,272.15,6,2,0
278.25,60,0,7,0.08,0,0,0.01,272.95,6,2,0
280.15,55,0,8,0.03,0,0,0,273.05,6,2,0
281.15,52,0,7,0,0,0,0,,0,,0
278.15,40,0,8,0,0,0,0,,0,,0
278.15,45,0,8,0,0,0,0,,0,,0
272.15,99,73,9,0.02,0.02,0.06,0.02,,0,,0
272.15,99,71,9,0.06,0.04,0.06,0.06,,1,,0
271.65,72,0,5,0.08,0.05,0.05,0.11,,1,,0
275.15,,0,1,0.07,0,0.05,0.11,271.15,1,,0
275.75,91,60,8,0.04,0,0,0.11,,6,,0
275.85,93,61,8,0.02,0,0,0.11,,6,,0
278.35,95,61,8,0,0,0,0.09,,0,,0
279.35,31,0,2,0,0,0,0.05,,5,,0
283.55,37,0,7,0,0,0,0,,0,,0
285.25,27,0,6,0,0,0,0,,0,,0
286.55,26,0,0,0,0,0,0,,0,,0
281.15,19,0,0,0,0,0,0,,0,,0
286.95,20,0,0,0,0,0,0,,0,,0
279.75,35,0,0,0,0,0,0,,,,0
284.35,31,0,0,0,0,0,0,,0,,0
280.95,33,0,3,0,0,0,0,,0,,0
280.95,39,0,7,0,0,0,0,,0,,0
274.75,79,0,8,0,0,0,0,,0,,0
278.45,68,0,8,0,0,0,0,,0,,0
275.25,92,45,8,0,0,0,0,,0,,0
275.05,95,45,9,0,0,0,0,,0,,0
273.05,34,0,0,0,0,0,0,,0,,0
275.85,32,0,0,0,0,0,0,,0,,0
264.15,82,71,9,0.01,0.01,0.02,0.01,,0,,0
267.75,80,0,3,0.01,0.01,0.02,0.02,,1,,0
266.35,25,0,0,0,0,0,0.02,,0,,0
268.65,45,0,0,0,0,0,0.02,,0,,0
263.95,58,0,2,0.03,0.03,0.03,0.05,,1,,0
269.25,56,0,0,0.03,0,0.03,0.05,,1,,0
267.65,40,0,0,0.02,0,0,0.04,,2,,0
274.15,32,0,0,0.02,0,0,0.03,,3,,0
266.15,86,45,9,0,0,0,0.03,,,,0
268.65,47,0,0,0.02,0,0,0.03,,3,,0
277.15,38,0,0,0.02,0,0,0,,3,,0
271.25,40,0,0,0.02,0,0,0,,3,,0
273.45,51,0,0,0.01,0,0,0,,3,,0
269.95,42,0,5,0.01,0,0,0,,3,,0
276.05,32,0,6,0.01,0,0,0,,6,,0
272.75,54,0,7,0.01,0,0,0,,0,,0
276.05,50,0,7,0.01,0,0,0,,0,,0
271.45,90,0,8,0.15,0.08,0.08,0.08,272.45,1,0,0
270.25,93,45,9,0.25,0.11,0.11,0.19,272.15,1,0,0
271.35,93,45,9,0.25,0,0.11,0.19,272.35,1,1,0
267.75,94,45,9,0.25,0.02,0.02,0.21,271.55,1,1,0
269.35,94,45,9,0.25,0,0.02,0.21,272.25,1,1,0
267.35,88,0,5,0.25,0.01,0.01,0.22,270.15,1,1,0
270.95,84,45,9,0.25,0,0.01,0.14,270.15,1,1,0
272.85,23,0,0,0.25,0,0,0.03,270.65,2,1,1
273.65,39,0,8,0.25,0,0,0.03,272.15,2,1,1
270.45,62,0,7,0.22,0,0,0.01,268.65,3,1,0
275.55,71,0,7,0.22,0,0,0.01,272.15,3,1,0
276.55,30,0,3,0.2,0,0,0,268.65,3,1,0
281.95,34,0,0,0.2,0,0,0,271.55,3,1,0
278.05,31,0,1,0.2,0,0,0,271.35,7,2,1
284.15,28,0,1,0.19,0,0,0,272.15,6,1,1
279.65,34,0,0,0.16,0,0,0,272.45,7,1,0
280.45,26,0,0,0.14,0,0,0,273.15,7,2,0
284.35,36,0,0,0.14,0,0,0,273.15,0,,0
277.15,34,0,4,0.12,0,0,0,272.45,7,2,0
283.15,24,0,6,0.12,0,0,0,272.85,6,2,0
276.45,37,0,0,0.11,0,0,0,272.95,7,2,0
281.45,26,0,0,0.11,0,0,0,273.05,6,1,0
276.75,31,0,0,0.06,0,0,0,272.85,7,2,0
281.25,44,0,4,0.05,0,0,0,273.05,6,2,0
279.55,25,0,7,0.03,0,0,0,,7,2,0
283.35,23,0,5,0.03,0,0,0,,0,,0
274.35,65,0,1,0,0,0,0,,,,0
278.35,54,0,1,0,0,0,0,,0,,0
278.35,34,0,6,0,0,0,0,,,,0
278.45,47,0,7,0,0,0,0,,,,0
272.15,88,73,9,0.14,0.14,0.15,0.14,273.05,1,0,0
274.35,69,0,7,0.15,0.01,0.15,0.15,273.05,2,1,0
274.95,60,0,6,0.1,0,0,0.15,271.95,3,1,0
278.15,54,0,6,0.1,0,0,0.15,273.15,3,1,0
273.55,37,0,2,0.2,0.1,0.1,0.25,271.95,1,0,0
276.15,46,0,7,0.2,0,0.1,0.25,272.65,1,0,0
271.85,88,73,9,0.25,0.1,0.12,0.21,271.35,1,0,1
271.85,88,73,9,0.25,0.1,0.12,0.21,271.35,1,0,1
271.85,88,73,9,0.25,0.1,0.12,0.21,271.35,1,0,1
271.85,88,73,9,0.25,0.1,0.12,0.21,271.35,1,0,1
271.85,88,73,9,0.25,0.1,0.12,0.21,271.35,1,0,1
272.95,86,71,9,0.27,0.02,0.12,0.22,272.95,1,1,1
272.95,86,71,9,0.27,0.02,0.12,0.22,272.95,1,1,1
272.95,86,71,9,0.27,0.02,0.12,0.22,272.95,1,1,1
272.95,86,71,9,0.27,0.02,0.12,0.22,272.95,1,1,1
272.95,86,71,9,0.27,0.02,0.12,0.22,272.95,1,1,1
269.55,90,0,0,0.4,0.13,0.13,0.35,267.85,1,0,0
278.85,57,0,1,0.35,0,0.13,0.35,272.95,2,1,0
277.95,79,0,8,0.3,0,0,0.25,273.05,6,1,0
277.45,92,63,9,0.3,0,0,0.25,273.05,6,1,0
274.45,48,0,0,0.25,0.01,0.01,0.16,271.45,9,2,0
273.35,93,71,8,0.3,0.11,0.12,0.25,273.05,1,1,0
275.35,82,71,9,0.3,0.01,0.12,0.13,273.05,1,1,0
274.65,90,71,9,0.35,0.04,0.2,0.17,272.95,2,2,0
274.25,93,73,9,0.48,0.16,0.2,0.33,273.05,1,0,0
275.75,95,63,8,0.37,0.11,0.11,0.44,272.85,6,0,0
275.65,95,63,8,0.35,0,0.11,0.43,273.05,3,1,0
273.25,96,0,9,0.3,0,0,0.32,272.95,7,2,0
278.35,72,0,2,0.3,0,0,0.31,273.05,3,1,0
277.25,66,0,0,0.3,0,0,0.27,271.85,8,2,0
284.75,45,0,1,0.3,0,0,0.11,272.75,6,1,0
278.75,21,0,3,0.25,0,0,0,273.05,7,2,0
278.55,68,0,8,0.25,0,0,0,272.95,7,2,0
269.95,90,70,7,0.43,0.18,0.19,0.18,272.95,9,2,0
271.45,79,70,6,0.44,0.01,0.19,0.19,273.05,9,2,0
269.05,94,75,9,0.6,0.31,0.35,0.5,270.95,9,0,0
268.85,92,73,9,0.64,0.04,0.35,0.54,271.05,1,2,0
267.55,82,0,6,0.7,0.18,0.19,0.72,268.15,9,0,0
269.75,85,70,8,0.7,0.01,0.19,0.73,272.45,1,1,0
270.75,70,45,8,0.7,0.01,0.01,0.56,271.75,7,2,0
272.35,90,45,9,0.7,0,0.01,0.55,272.55,3,2,0
268.45,86,86,7,0.68,0.01,0.02,0.25,269.05,1,2,0
271.55,80,86,8,0.65,0.01,0.02,0.22,272.35,1,2,0
272.35,69,0,4,0.6,0.02,0.02,0.06,268.45,1,2,1
277.05,57,0,7,0.58,0,0.02,0.05,272.35,2,2,1
270.65,70,0,0,0.55,0,0,0.04,267.15,8,2,0
275.05,34,0,0,0.52,0,0,0.04,268.45,7,2,0
278.55,39,0,0,0.5,0,0,0.03,272.25,3,2,0
276.35,27,0,0,0.48,0,0,0.02,270.75,7,2,0
282.25,23,0,3,0.48,0,0,0,273.15,6,2,0
280.25,41,0,7,0.45,0,0,0,272.45,7,2,0
283.25,37,0,5,0.45,0,0,0,273.05,6,2,0
278.75,61,0,1,0.4,0,0,0,272.25,9,2,0
279.75,67,0,3,0.4,0,0,0,272.95,6,2,0
280.65,44,0,0,0.35,0,0,0,,7,2,0
282.95,47,0,0,0.35,0,0,0,,7,2,0
276.95,36,0,0,0.3,0,0,0,,7,2,0
277.15,76,0,8,0.28,0,0,0,273.05,6,2,0
279.85,37,0,8,0.27,0,0,0,272.95,6,2,0
276.65,86,0,7,0.25,0,0,0,273.05,6,1,0
278.65,82,0,7,0.24,0,0,0,273.05,6,1,0
279.25,57,0,7,0.24,0,0,0,273.05,6,,0
280.15,57,0,8,0.24,0,0,0,273.05,6,,0
279.35,67,0,6,0.2,0,0,0,272.95,7,2,0
280.95,66,0,8,0.2,0,0,0,273.05,6,2,0
275.75,92,69,8,0.24,0.03,0.04,0.03,273.05,1,2,1
275.75,92,69,8,0.24,0.03,0.04,0.03,273.05,1,2,1
275.75,92,69,8,0.24,0.03,0.04,0.03,273.05,1,2,1
275.75,92,69,8,0.24,0.03,0.04,0.03,273.05,1,2,1
275.75,92,69,8,0.24,0.03,0.04,0.03,273.05,1,2,1
275.75,92,69,8,0.24,0.03,0.04,0.03,273.05,1,2,1
275.65,90,73,9,0.25,0.01,0.04,0.04,273.05,1,2,1
275.65,90,73,9,0.25,0.01,0.04,0.04,273.05,1,2,1
275.65,90,73,9,0.25,0.01,0.04,0.04,273.05,1,2,1
275.65,90,73,9,0.25,0.01,0.04,0.04,273.05,1,2,1
275.65,90,73,9,0.25,0.01,0.04,0.04,273.05,1,2,1
275.65,90,73,9,0.25,0.01,0.04,0.04,273.05,1,2,1
273.35,97,45,9,0.45,0.1,0.1,0.14,273.05,7,0,1
280.15,74,0,7,0.45,0,0.1,0.14,273.05,3,1,1
275.15,86,0,8,0.44,0,0,0.14,272.95,6,1,0
279.85,63,0,2,0.44,0,0,0.14,273.05,6,1,0
278.65,36,0,1,0.43,0,0,0.1,272.95,6,2,0
281.45,63,0,1,0.43,0,0,0.1,272.85,6,,0
277.25,64,0,3,0.4,0,0,0,272.95,7,2,1
279.65,58,0,4,0.4,0,0,0,273.05,6,2,1
274.15,80,0,8,0.03,0,0.01,0,272.65,6,,0
275.05,84,88,9,0.36,0.01,0.01,0.01,,9,2,0
276.75,54,0,0,0.4,0.1,0.1,0.11,272.85,1,0,0
280.15,47,0,0,0.35,0,0.1,0.11,273.05,3,2,0
279.15,43,0,7,0.3,0,0,0.11,272.45,3,1,0
281.15,36,0,5,0.3,0,0,0.11,273.05,6,1,0
278.15,60,0,2,0.28,0,0,0.11,273.05,6,1,0
278.75,53,0,4,0.26,0,0,0.1,272.95,6,1,0
279.45,50,0,8,0.26,0,0,0,273.05,6,1,0
275.65,65,0,4,0.2,0,0,0,273.05,6,1,0
274.65,92,69,8,0.2,0.04,0.05,0.04,273.05,6,1,0
275.65,90,69,8,0.2,0.01,0.05,0.05,273.05,6,1,0
274.55,92,69,8,0.2,0.01,0.01,0.06,273.05,1,2,0
275.75,91,0,8,0.19,0,0.01,0.06,273.05,6,2,0
273.35,76,0,3,0.15,0.02,0.02,0.08,272.95,1,2,0
276.75,59,0,2,0.12,0,0.02,0.08,273.05,6,2,0
277.75,92,0,8,0.05,0,0,0.04,,,,0
280.85,82,0,8,0.05,0,0,0.03,,6,2,0
278.65,43,0,2,0,0,0,0.02,,0,,0
280.85,25,0,1,0,0,0,0.02,,0,,0
283.65,25,0,6,0,0,0,0,,0,,0
278.15,96,45,9,0,0,0,0,,,,0
281.65,98,45,8,0,0,0,0,,,,0
275.35,97,0,6,0,0,0,0,,0,,0
276.35,99,45,9,0,0,0,0,,0,,0
287.05,47,0,1,0,0,0,0,,0,,0
284.65,45,0,1,0,0,0,0,,0,,0
286.75,30,0,0,0,0,0,0,,0,,0
285.95,42,0,0,0,0,0,0,,6,,0
291.85,26,0,0,0,0,0,0,,0,,0
294.75,23,0,0,0,0,0,0,,0,,0
278.75,91,45,9,0,0,0,0,,,,0
277.15,92,63,9,0.38,0,0,0,,6,1,0
277.95,81,0,4,0.38,0,0,0,,6,,0
284.85,81,0,2,0.35,0,0,0,,7,,0
283.95,24,0,0,0.35,0,0,0,,0,0,0
269.25,85,0,0,0.3,0.03,0.03,0.03,272.95,1,1,0
270.85,64,0,0,0.3,0,0.03,0.03,272.55,1,1,0
272.75,34,0,0,0.3,0,0,0.03,267.05,2,1,0
276.55,35,0,6,0.3,0,0,0.03,268.85,3,1,0
277.95,46,0,6,0.3,0,0,0.03,269.25,3,1,0
283.15,38,0,6,0.3,0,0,0.03,272.65,3,1,0
277.45,49,0,0,0.3,0,0,0,271.45,3,1,0
280.85,36,0,0,0.3,0,0,0,273.05,3,1,0
277.35,44,0,0,0.28,0,0,0,270.25,3,1,0
275.35,55,0,0,0.27,0,0,0,273.05,3,1,0
269.95,79,0,6,0.32,0.05,0.05,0.05,272.75,9,,0
271.25,73,0,5,0.32,0,0.05,0.05,272.05,9,1,0
271.95,94,73,9,0.35,0.05,0.06,0.1,271.45,1,2,0
272.35,91,70,9,0.35,0.01,0.06,0.11,271.45,1,2,0
276.65,95,61,8,0.38,0.03,0.03,0.14,273.15,6,2,0
277.75,82,0,1,0.35,0,0,0.14,272.95,7,2,0
282.15,46,0,3,0.35,0,0,0.09,273.05,3,2,0
273.15,92,73,8,0.35,0.03,0.09,0.12,272.95,1,2,0
273.55,77,0,7,0.4,0.06,0.09,0.13,273.05,1,2,0
274.75,58,0,4,0.52,0.12,0.12,0.24,272.65,1,0,0
276.35,61,0,1,0.51,0,0.12,0.21,273.05,1,0,0
275.95,93,63,9,0.48,0,0,0.21,273.05,6,1,0
276.75,49,0,0,0.48,0,0,0.21,272.95,7,1,0
280.15,15,0,6,0.47,0,0,0.18,271.85,7,2,0
273.35,95,61,9,0.45,0,0,0.12,273.15,6,1,0
275.15,80,0,7,0.45,0,0,0,273.15,7,1,0
272.35,71,0,3,0.45,0,0,0,270.05,7,2,0
269.55,62,0,2,0.45,0,0,0,272.15,7,2,0
273.15,56,0,2,0.45,0,0,0,269.45,7,2,0
277.25,63,0,2,0.45,0,0,0,271.95,7,2,0
274.05,48,0,0,0.45,0,0,0,267.65,7,2,0
280.45,35,0,0,0.45,0,0,0,271.45,7,2,0
280.05,21,0,0,0.4,0,0,0,270.35,7,2,0
284.65,23,0,0,0.4,0,0,0,272.35,7,2,0
279.95,21,0,2,0.38,0,0,0,271.55,7,2,0
277.75,46,0,1,0.38,0,0,0,273.05,7,2,0
278.15,29,0,0,0.38,0,0,0,273.05,7,2,0
274.75,32,0,0,0.37,0,0,0,270.55,7,2,0
280.25,27,0,0,0.37,0,0,0,272.05,7,2,0
272.65,28,0,0,0.35,0,0,0,268.25,7,2,0
280.75,23,0,0,0.35,0,0,0,270.95,7,2,0
273.45,34,0,0,0.35,0,0,0,268.55,4,2,0
279.55,27,0,3,0.35,0,0,0,271.85,8,,0
271.25,79,0,4,0.3,0,0,0,269.55,7,2,0
276.15,60,0,3,0.3,0,0,0,271.55,7,2,0
273.55,35,0,0,0.3,0,0,0,268.25,7,2,0
279.65,30,0,0,0.3,0,0,0,270.55,7,2,0
274.25,33,0,0,0.3,0,0,0,269.55,7,2,0
279.75,29,0,3,0.3,0,0,0,271.95,7,2,0
275.75,73,0,7,0.3,0,0,0,272.45,7,1,0
281.05,57,0,3,0.3,0,0,0,273.15,7,1,0
274.95,94,61,8,0.29,0,0,0,273.05,7,2,0
277.15,89,60,7,0.28,0,0,0,273.15,6,1,0
274.35,39,0,8,0.28,0,0,0,271.55,7,2,0
279.15,59,0,2,0.26,0,0,0,272.95,7,2,0
273.95,70,0,1,0.25,0,0,0,270.75,7,2,0
278.45,60,0,0,0.23,0,0,0,272.35,6,2,0
273.25,57,0,0,0.2,0,0,0,267.55,8,2,0
279.15,50,0,0,0.2,0,0,0,272.95,8,2,0
284.15,29,0,0,0.2,0,0,0,272.95,7,2,0
272.25,48,0,0,0.2,0,0,0,268.15,7,2,0
277.35,49,0,1,0.2,0,0,0,268.15,6,1,0
271.35,94,73,9,0.21,0.01,0.01,0.01,271.65,2,2,0
266.35,89,0,1,0.25,0.05,0.05,0.06,271.85,2,2,0
265.35,51,88,8,0.5,0.1,0.12,0.16,271.55,9,0,0
265.95,91,88,8,0.5,0.02,0.12,0.18,270.65,9,0,0
267.35,52,0,3,0.5,0.02,0.02,0.2,267.35,9,1,0
274.15,35,0,1,0.5,0,0.02,0.2,270.55,9,1,0
272.75,54,0,8,0.48,0,0.02,0.19,271.55,3,1,0
273.45,84,71,9,0.5,0.02,0.02,0.16,273.05,2,1,0
273.45,92,73,8,0.75,0.25,0.29,0.31,272.75,1,0,0
271.55,83,73,9,0.78,0.04,0.29,0.33,272.95,1,1,0
263.75,87,71,8,1,0.26,0.26,0.57,266.65,1,0,0
259.15,87,0,7,1.1,0.1,0.1,0.67,266.95,1,,0
264.65,50,36,0,1.1,0,0.1,0.67,264.15,1,1,0
261.55,86,75,9,1.35,0.22,0.27,0.87,265.65,1,0,0
262.55,71,0,8,1.35,0.05,0.27,0.67,266.15,1,0,0
270.25,91,73,9,1.38,0.28,0.31,0.91,269.55,1,0,0
271.15,92,73,8,1.35,0.03,0.31,0.68,272.85,9,1,0
267.55,78,0,8,1.3,0.2,0.2,0.78,266.85,9,0,0
269.35,72,0,8,1.28,0,0.2,0.78,267.95,9,1,0
264.95,89,71,9,1.3,0.02,0.03,0.58,265.95,9,1,1
264.95,89,71,9,1.3,0.02,0.03,0.58,265.95,9,1,1
264.95,89,71,9,1.3,0.02,0.03,0.58,265.95,9,1,1
268.15,55,0,2,1.25,0.01,0.03,0.54,267.75,9,1,1
268.15,55,0,2,1.25,0.01,0.03,0.54,267.75,9,1,1
268.15,55,0,2,1.25,0.01,0.03,0.54,267.75,9,1,1
258.15,40,0,0,1.25,0.01,0.01,0.27,263.75,2,1,0
268.25,39,0,0,1.25,0,0.01,0.24,264.15,2,1,0
269.55,56,0,0,1.25,0,0,0.04,264.15,2,1,1
277.15,40,0,0,1.25,0,0,0.04,269.05,3,1,1
267.55,37,0,0,1.2,0,0,0.02,264.75,3,1,0
262.75,33,0,0,1.2,0,0,0.01,262.75,3,1,0
268.25,27,0,0,1.15,0,0,0,264.05,3,1,0
261.15,48,0,0,1.05,0,0,0,260.15,3,1,1
268.55,35,0,0,1.05,0,0,0,262.65,3,1,1
262.45,63,71,8,1.05,0.01,0.01,0.01,262.55,1,1,0
268.85,60,0,7,1.05,0,0.01,0.01,268.75,2,1,0
268.75,89,73,9,1.15,0.12,0.2,0.13,267.55,1,0,0
268.95,88,71,8,1.2,0.08,0.2,0.21,269.65,1,0,0
269.25,75,0,4,1.22,0.09,0.09,0.3,266.95,9,0,0
272.75,62,0,7,1.2,0,0.09,0.3,269.95,9,1,0
270.95,87,70,8,1.22,0.08,0.09,0.37,270.45,9,0,0
272.15,84,71,8,1.22,0.01,0.09,0.38,271.45,9,1,0
269.65,92,45,8,1.2,0.01,0.01,0.27,270.45,3,1,0
273.65,77,0,8,1.2,0,0.01,0.19,271.75,3,1,0
281.45,33,0,0,1.18,0,0,0.1,273.05,3,1,0
274.15,42,0,0,1.2,0,0,0.1,269.85,3,2,0
275.05,77,0,8,1.15,0,0.02,0.02,272.05,3,2,0
274.45,87,45,9,1.15,0.02,0.02,0.03,273.05,3,1,0
265.15,76,0,0,1.15,0.03,0.03,0.05,261.25,9,2,0
273.15,56,0,0,1.15,0,0.03,0.05,268.85,9,2,0
269.25,22,0,1,1.15,0,0,0.05,263.55,9,2,0
277.75,22,0,3,1.15,0,0,0.05,268.85,3,2,0
274.55,13,0,0,1.15,0,0,0.05,266.85,3,1,0
280.05,25,0,0,1.15,0,0,0.03,271.75,3,1,0
273.55,44,0,2,1.12,0,0,0,267.85,3,2,0
280.15,27,0,3,1.12,0,0,0,272.85,3,1,0
273.45,68,0,1,1.12,0,0,0,270.75,7,2,0
283.15,69,0,0,1.12,0,0,0,273.05,6,1,0
278.25,46,0,5,1.1,0,0,0,273.05,6,2,0
281.15,55,0,4,1.1,0,0,0,273.15,6,1,0
275.95,73,0,0,1.05,0,0,0,271.35,7,2,0
278.75,79,0,0,1.03,0,0,0,273.05,6,2,0
278.05,54,0,0,1,0,0,0,273.05,7,2,0
279.65,60,0,7,1,0,0,0,273.05,6,2,0
277.35,24,0,0,1,0,0,0,271.05,7,2,1
285.65,22,0,0,0.95,0,0,0,273.05,6,2,1
280.65,31,0,0,0.95,0,0,0,271.65,6,2,0
283.75,25,0,0,0.95,0,0,0,273.05,6,2,0
279.35,43,0,0,0.9,0,0,0,272.55,7,2,0
279.95,47,0,0,0.9,0,0,0,273.05,8,2,0
286.05,27,0,0,0.9,0,0,0,272.95,6,2,0
276.45,70,70,8,0.9,0,0,0,273.05,6,2,0
278.65,66,0,8,0.9,0,0,0,273.05,6,1,0
271.65,80,0,4,0.9,0.05,0.05,0.05,273.05,1,2,0
276.35,48,0,4,0.9,0,0.05,0.05,272.95,2,2,0
270.45,86,73,7,0.92,0.03,0.04,0.08,271.75,9,2,0
272.85,69,71,7,0.92,0.01,0.04,0.09,273.05,9,2,0
275.35,36,0,1,0.93,0.01,0.01,0.1,269.85,9,1,0
279.65,37,0,6,0.88,0,0.01,0.1,272.15,2,,0
274.25,67,0,6,0.92,0,0,0.05,272.95,9,2,0
274.15,46,0,0,0.92,0,0,0.05,269.75,9,2,0
277.85,49,0,1,0.92,0,0,0.02,272.95,9,2,0
271.75,41,0,0,0.92,0,0,0.01,269.05,3,2,0
279.55,41,0,0,0.9,0,0,0,273.05,3,2,0
273.25,79,0,0,0.9,0,0,0,268.25,3,2,0
280.35,59,0,1,0.87,0,0,0,273.05,6,2,0
277.55,54,0,1,0.85,0,0,0,268.55,7,2,0
286.15,36,0,6,0.85,0,0,0,272.95,6,2,0
282.75,23,0,2,0.8,0,0,0,272.55,7,2,0
287.95,24,0,3,0.8,0,0,0,273.05,6,2,0
283.95,25,0,1,0.79,0,0,0,272.95,7,2,0
289.15,26,0,0,0.79,0,0,0,273.05,6,1,0
285.95,29,0,0,0.78,0,0,0,272.95,7,1,0
288.05,30,0,0,0.78,0,0,0,272.95,6,1,0
284.35,30,0,1,0.77,0,0,0,273.15,7,1,0
285.85,23,0,0,0.77,0,0,0,,6,1,0
280.05,45,0,2,0.75,0,0,0,,7,2,0
281.85,45,0,5,0.75,0,0,0,271.65,7,2,0
274.85,70,0,7,0.78,0.05,0.05,0.05,272.65,1,2,0
271.15,41,70,8,0.87,0.09,0.1,0.14,272.65,9,1,0
273.95,64,88,7,0.88,0.01,0.1,0.15,,9,1,0
278.95,48,0,4,0.9,0,0.02,0.15,273.15,9,2,0
278.15,57,0,5,0.9,0.02,0.02,0.17,,1,2,0
274.35,86,65,9,0.96,0.01,0.06,0.18,273.05,1,1,0
274.25,81,0,1,0.95,0.05,0.06,0.18,273.05,1,1,0
277.15,81,45,9,1.03,0,0,0.09,273.15,2,1,0
279.95,48,0,1,1.02,0,0,0.08,273.05,7,2,0
284.15,47,0,6,1.02,0,0,0.08,273.05,6,1,0
282.05,18,0,0,0.95,0,0,0.06,272.95,6,2,0
287.15,26,0,0,0.8,0,0,0.05,273.05,6,1,0
278.15,48,0,0,0.7,0,0,0,273.05,6,2,0
286.85,29,0,0,0.7,0,0,0,273.05,6,1,0
279.15,59,0,0,0.69,0,0,0,272.85,7,2,0
283.95,45,0,2,0.69,0,0,0,272.95,6,1,0
277.45,62,0,0,0.6,0,0,0,272.95,7,2,0
281.95,51,0,4,0.55,0,0,0,273.05,6,2,0
277.55,44,0,0,0.4,0,0,0,272.55,7,2,0
284.35,55,0,1,0.38,0,0,0,273.05,6,2,0
279.65,56,0,0,0.35,0,0,0,273.05,7,2,0
284.65,43,0,3,0.3,0,0,0,273.15,6,2,0
279.35,63,0,5,0.2,0,0,0,273.15,6,2,0
286.65,38,0,0,0.18,0,0,0,273.15,6,2,0
279.35,40,0,0,0.15,0,0,0,,7,2,0
285.95,43,0,0,0.1,0,0,0,,6,,0
277.55,69,0,0,0,0,0,0,,0,,0
285.45,56,0,0,0,0,0,0,,,,0
280.95,60,0,8,0,0,0,0,,0,,0
279.15,79,0,8,0,0,0,0,,0,,0
276.75,93,45,8,0,0,0,0,,0,,0
273.45,97,70,9,0.01,0.01,0.01,0.01,,,,0
273.65,97,86,9,0.06,0.06,0.06,0.07,,1,2,0
275.15,92,0,7,0,0,0,0.07,,,,0
272.75,55,0,0,0,0,0,0.07,,0,,0
279.15,53,0,8,0,0,0,0.07,,0,,0
275.65,87,0,8,0.01,0.01,0.01,0.07,,,,0
273.45,85,0,1,0,0,0,0.01,,,,0
277.85,60,84,8,0.6,0,0,0,272.45,6,1,0
281.35,57,60,8,0.6,0,0,0,272.65,6,1,0
280.35,62,81,8,0.6,0,0,0,273.05,6,1,0
278.55,52,0,6,0.6,0,0,0,273.05,6,1,0
279.05,55,0,6,0.58,0,0,0,272.95,6,1,0
276.95,58,0,3,0.58,0,0,0,273.05,6,,0
278.35,62,0,8,0.55,0,0,0,273.05,6,2,0
276.05,83,0,8,0.55,0.01,0.01,0.01,273.05,1,2,0
273.85,91,0,8,0.55,0,0.01,0.01,272.95,2,2,0
275.15,43,0,1,0.55,0.01,0.01,0.02,273.05,1,2,0
280.35,26,0,4,0.55,0,0.01,0.02,273.05,1,2,0
278.15,92,0,8,0.53,0,0,0.02,273.05,6,2,0
279.55,85,0,7,0.53,0,0,0.02,273.15,6,2,0
280.95,60,0,7,0.5,0,0,0.01,273.05,6,1,0
276.65,90,45,9,0.48,0,0,0.01,273.05,6,1,0
278.35,70,81,7,0.46,0,0,0,273.05,6,2,0
278.15,70,0,7,0.45,0,0,0,273.05,6,2,0
279.85,72,0,8,0.4,0,0,0,273.05,6,1,0
283.55,54,0,5,0.4,0,0,0,273.05,6,1,0
284.85,14,0,0,0.38,0,0,0,273.05,7,2,0
287.05,17,0,8,0.2,0,0,0,273.15,6,2,0
281.55,41,0,8,0.1,0,0,0,273.15,6,2,0
279.15,62,69,8,0.1,0,0,0,273.15,6,2,0
270.75,76,0,1,0.15,0.06,0.06,0.06,271.55,1,2,0
272.05,73,0,0,0.14,0,0.06,0.06,272.45,1,2,0
278.75,69,0,8,0.15,0,0,0.06,273.15,6,2,0
276.55,70,0,0,0.1,0,0,0.06,273.05,6,2,0
284.75,,0,2,0.08,0,0,0.06,273.05,6,,0
273.45,77,0,8,0.1,0.05,0.05,0.05,273.05,1,2,0
273.95,84,70,8,0.1,0,0.05,0.05,273.05,1,2,0
273.95,47,0,1,0.1,0.01,0.01,0.06,270.55,2,2,0
283.65,21,0,3,0.08,0,0.01,0.06,273.05,3,2,0
273.65,92,73,9,0.1,0.04,0.04,0.1,273.05,2,2,0
271.95,86,0,7,0.5,0.18,0.18,0.28,273.15,1,0,0
275.35,31,0,3,0.5,0,0,0.23,271.65,3,1,0
277.95,69,0,0,0.5,0,0,0.22,273.15,3,2,0
280.95,61,0,0,0.5,0,0,0.22,272.85,3,1,0
278.15,50,0,0,0.48,0,0,0.18,272.55,7,2,0
282.75,35,0,0,0.48,0,0,0.18,272.25,3,2,0
279.55,28,0,0,0.4,0,0,0,271.95,7,2,0
284.45,26,0,0,0.38,0,0,0,272.25,3,1,0
283.15,27,0,0,0.2,0,0,0,272.55,7,2,0
284.75,26,0,1,0.18,0,0,0,273.05,6,1,0
282.45,23,0,0,0.15,0,0,0,272.35,7,2,0
286.35,24,0,0,0.15,0,0,0,273.15,6,1,0
279.15,19,0,5,0.14,0,0,0,271.65,7,1,0
278.45,31,0,6,0.14,0,0,0,272.05,7,1,0
274.35,93,69,8,0.1,0,0,0,273.05,6,1,0
276.35,92,60,9,0.09,0,0,0,273.15,6,1,0
269.85,77,0,0,0.11,0.02,0.02,0.02,273.05,1,2,0
274.35,67,0,7,0.11,0,0,0.02,272.45,1,2,0
274.75,69,0,6,0.11,0,0,0.02,272.65,1,2,0
270.55,93,75,9,0.2,0.12,0.17,0.14,272.45,1,0,0
272.15,88,70,8,0.2,0.05,0.17,0.19,273.05,1,0,0
,,,,0.44,0.24,0.24,0.43,,,,0
275.65,95,60,8,1.1,0.69,0.69,1.1,273.15,3,1,1
275.65,95,60,8,1.1,0.69,0.69,1.1,273.15,3,1,1
275.65,95,60,8,1.1,0.69,0.69,1.1,273.15,3,1,1
275.65,95,60,8,1.1,0.69,0.69,1.1,273.15,3,1,1
275.65,95,60,8,1.1,0.69,0.69,1.1,273.15,3,1,1
,,,,,,,,,,,1
,,,,,,,,,,,1
270.65,69,0,0,1.1,0.22,,,271.75,2,1,1
270.65,69,0,0,1.1,0.22,,,271.75,2,1,1
277.15,94,63,9,1.05,0,0,,273.15,6,1,0
279.15,75,61,8,1,0,0,,273.15,6,1,0
279.65,67,60,8,1,0,0,,273.05,6,1,0
271.25,88,70,8,1.5,0.02,0.4,,272.05,9,1,0
272.75,93,71,8,1.5,0.38,0.4,0.62,271.15,9,0,0
269.95,91,73,8,1.05,0.15,0.18,0.55,270.85,1,1,1
269.95,91,73,8,1.05,0.15,0.18,0.55,270.85,1,1,1
269.95,91,73,8,1.05,0.15,0.18,0.55,270.85,1,1,1
270.05,83,73,8,1.07,0.03,0.18,0.58,271.05,1,1,1
270.05,83,73,8,1.07,0.03,0.18,0.58,271.05,1,1,1
270.05,83,73,8,1.07,0.03,0.18,0.58,271.05,1,1,1
272.75,67,0,8,1.2,0.04,0.04,0.62,270.25,1,1,0
273.15,50,0,7,1.2,0,0.04,0.62,270.95,1,1,0
269.05,95,70,9,1.3,0.2,0.35,0.8,269.45,1,0,0
270.05,96,75,9,1.45,0.15,0.35,0.57,270.45,1,0,0
270.85,97,73,9,1.96,0.66,0.82,1.08,270.95,1,1,1
270.85,97,75,8,2.08,0.16,0.82,1.21,271.15,1,0,1
267.05,40,0,3,2.1,0.23,0.23,1.4,263.75,9,0,0
274.15,60,0,3,2.1,0,0.23,1.4,265.15,9,0,0
272.65,97,84,9,2.2,0.14,0.22,1.34,273.15,9,0,0
273.15,,84,9,2.2,0.08,0.22,1.27,273.15,3,1,0
278.65,80,61,8,1.6,0.04,0.04,0.65,272.95,6,2,0
280.45,72,61,8,1.38,0,0.04,0.49,273.15,6,2,0
272.05,95,75,9,1.5,0.21,0.22,0.47,272.05,1,1,0
274.75,89,0,4,1.5,0.01,0.22,0.48,272.35,1,1,0
278.45,24,0,0,1.5,0.01,0.01,0.35,272.15,1,1,0
282.75,26,0,1,1.45,0,0.01,0.27,272.75,2,1,0
279.95,41,0,5,1.45,0,0,0.23,273.05,6,1,0
284.35,37,0,7,1.45,0,0,0.23,273.05,6,2,0
280.25,76,0,7,1.4,0,0,0.02,273.05,6,1,0
283.05,65,0,7,1.4,0,0,0.01,273.05,6,1,0
270.15,94,73,9,1.5,0.28,0.28,0.28,271.55,9,1,0
262.55,85,0,1,1.6,0.2,0.2,0.48,266.25,9,0,0
270.35,50,0,0,1.6,0,0.2,0.48,268.95,9,0,0
275.55,95,61,9,1.48,0,0,0.48,271.85,9,1,0
276.75,89,61,9,1.45,0,0,0.48,272.35,9,1,0
275.25,89,84,8,1.4,0,0,0.48,273.05,6,1,1
275.25,89,84,8,1.4,0,0,0.48,273.05,6,1,1
275.25,89,84,8,1.4,0,0,0.48,273.05,6,1,1
275.25,89,84,8,1.4,0,0,0.48,273.05,6,1,1
274.75,94,45,9,1.4,0,0,0.2,273.05,6,1,1
274.75,94,45,9,1.4,0,0,0.2,273.05,6,1,1
274.75,94,45,9,1.4,0,0,0.2,273.05,6,1,1
274.75,94,45,9,1.4,0,0,0.2,273.05,6,1,1
269.75,95,75,9,1.6,0.34,0.46,0.34,270.35,1,0,1
269.15,96,75,9,1.7,0.12,0.46,0.46,270.15,1,0,1
265.85,93,73,8,1.85,0.47,0.48,0.93,266.95,1,0,0
267.05,94,70,8,1.8,0.01,0.48,0.94,267.35,1,1,0
272.35,97,70,9,1.9,0.02,0.02,0.96,272.35,1,1,0
267.15,94,70,8,2,0.2,0.22,1.16,268.55,9,0,0
269.75,96,70,9,2.02,0.02,0.22,0.84,270.85,1,1,0
273.55,65,0,7,2.1,0.27,0.32,0.99,270.55,1,0,0
274.95,73,0,7,2.1,0.05,0.32,0.57,272.05,1,0,0
268.75,90,71,8,2.6,0.56,0.56,1.12,270.55,1,0,1
268.75,90,71,8,2.6,0.56,0.56,1.12,270.55,1,0,1
268.75,90,71,8,2.6,0.56,0.56,1.12,270.55,1,0,1
268.75,90,71,8,2.6,0.56,0.56,1.12,270.55,1,0,1
268.75,90,71,8,2.6,0.56,0.56,1.12,270.55,1,0,1
268.75,90,71,8,2.6,0.56,0.56,1.12,270.55,1,0,1
268.75,90,71,8,2.6,0.56,0.56,1.12,270.55,1,0,1
265.05,93,0,0,2.9,0.3,0.3,1.4,267.85,1,0,0
270.65,90,0,6,2.9,0,0.3,1.2,268.35,3,2,0
271.15,89,0,8,2.95,0.12,0.13,1.3,270.15,2,0,0
273.95,89,60,8,2.95,0.01,0.13,1.04,271.55,3,1,0
274.05,98,61,9,2.97,0.02,0.02,1.01,273.05,3,1,0
271.55,80,0,3,2.85,0.01,0.01,0.46,272.95,2,1,1
277.35,64,0,2,2.75,0,0.01,0.16,272.85,2,1,1
275.45,30,0,3,2.7,0,0,0.16,267.75,7,2,0
275.15,33,0,0,2.65,0,0,0.03,268.05,6,2,0
282.25,32,0,3,2.65,0,0,0.03,272.05,6,2,0
274.75,73,0,7,2.3,0,0,0.01,271.75,6,2,0
278.75,63,0,5,2.25,0,0,0,272.35,6,2,0
273.65,66,0,0,2.2,0,0,0,270.75,6,2,0
273.55,64,0,0,2.15,0,0,0,268.85,7,2,0
275.75,71,71,7,2.15,0.01,0.02,0.01,272.05,7,2,0
277.15,79,0,7,2.15,0.01,0.02,0.02,272.95,7,2,0
269.35,64,0,1,2.15,0.03,0.03,0.05,273.05,1,2,0
275.45,46,0,0,2.15,0,0.03,0.05,271.95,1,2,0
261.65,90,71,8,2.16,0.01,0.01,0.06,266.65,6,2,0
265.05,72,70,6,2.16,0,0.01,0.06,269.65,8,2,0
263.35,89,73,9,2.3,0.27,0.32,0.32,266.85,1,0,0
267.15,83,71,8,2.31,0.05,0.32,0.36,272.15,1,0,0
265.65,88,75,9,2.6,0.38,0.53,0.71,267.15,1,0,0
267.45,82,73,9,2.65,0.15,0.53,0.86,271.75,1,0,0
263.85,84,0,5,3,0.4,0.4,1.25,265.05,1,0,0
270.95,72,0,7,3,0,0.4,1.25,273.05,1,1,0
266.25,53,0,0,2.9,0,0,0.98,263.45,1,1,0
273.35,44,0,0,2.85,0,0,0.93,272.45,2,1,0
269.05,58,0,8,2.85,0,0,0.55,267.25,1,1,0
275.25,45,0,7,2.85,0,0,0.4,273.05,1,1,0
270.85,89,71,8,2.8,0.01,0.02,0.01,270.05,1,1,1
270.85,89,71,8,2.8,0.01,0.02,0.01,270.05,1,1,1
270.85,89,71,8,2.8,0.01,0.02,0.01,270.05,1,1,1
272.95,71,0,7,2.8,0.01,0.02,0.02,272.35,1,1,1
272.95,71,0,7,2.8,0.01,0.02,0.02,272.35,1,1,1
272.95,71,0,7,2.8,0.01,0.02,0.02,272.35,1,1,1
268.35,66,0,0,2.85,0.05,0.05,0.07,267.85,3,1,0
276.15,46,0,1,2.7,0,0,0.07,268.55,3,1,0
278.85,50,0,1,2.4,0,0,0.07,271.25,7,2,0
282.65,45,0,4,2.35,0,0,0.07,272.95,5,1,0
279.85,63,0,6,2.2,0,0,0.05,273.05,6,1,0
279.35,64,0,7,2.15,0,0,0.05,273.05,6,1,0
278.15,85,0,8,2,0,0,0,273.05,6,1,1
281.35,63,0,5,2,0,0,0,273.05,6,1,1
281.05,79,0,2,1.95,0,0,0,273.05,6,1,0
282.05,44,0,6,1.9,0,0,0,273.05,6,1,0
278.95,51,0,1,1.8,0,0,0,272.95,6,2,0
279.85,50,0,7,1.8,0,0,0,273.05,6,2,0
277.65,46,0,7,1.78,0,0.01,0,273.05,7,2,0
278.25,57,0,5,1.78,0.01,0.01,0.01,272.65,6,1,0
277.05,58,0,7,1.7,0.01,0.01,0.02,273.05,7,2,0
278.15,42,0,4,1.7,0,0.01,0.02,273.15,6,2,0
275.45,57,0,6,1.7,0,0.01,0.02,273.05,6,2,0
275.95,64,88,8,1.7,0.01,0.01,0.03,273.05,6,2,0
273.45,91,70,9,1.8,0.18,0.36,0.21,273.05,2,0,0
273.45,91,70,9,1.8,0.18,0.36,0.38,273.05,2,0,0
267.25,91,73,9,2.1,0.3,0.35,0.67,270.95,1,0,0
266.05,87,73,9,2.15,0.05,0.35,0.72,273.15,1,0,0
267.35,87,75,9,2.2,0.15,0.21,0.87,270.45,1,0,0
268.15,88,73,9,2.25,0.06,0.21,0.92,,3,0,0
274.25,55,0,0,2.24,0,0,0.74,,3,0,0
273.55,74,0,5,1.9,0,0,0.56,271.05,2,1,1
276.65,77,71,7,2,0.1,0.11,0.31,271.95,1,1,0
276.75,69,71,8,2,0.01,0.11,0.32,272.15,1,1,0
271.55,66,70,7,1.9,0.03,0.03,0.14,272.75,1,2,0
272.45,91,73,8,2.03,0.13,0.14,0.27,272.95,1,1,0
276.35,71,0,5,2.03,0.01,0.14,0.28,273.05,1,1,0
281.65,29,0,3,2,0.01,0.01,0.18,270.95,3,2,0
262.05,25,0,2,2,0,0.01,0.18,272.95,6,2,0
281.95,32,0,5,1.95,0,0,0.15,272.75,6,1,0
277.45,55,0,6,1.85,0,0,0.15,273.05,6,2,0
279.35,63,0,8,1.85,0,0,0.02,272.95,6,1,0
281.05,48,0,7,1.8,0,0,0.01,273.05,6,1,0
274.55,91,70,9,1.8,0.04,0.04,0.04,273.05,1,2,0
280.15,44,0,7,1.75,0,0.04,0.04,273.05,6,1,0
276.75,86,0,8,1.76,0.01,0.01,0.05,272.85,6,1,0
276.65,86,0,7,1.6,0,0,0.05,273.15,6,1,0
281.05,80,0,6,1.6,0,0,0.05,272.95,6,1,0
277.65,90,60,9,1.55,0,0,0.05,273.15,6,1,1
277.65,90,60,9,1.55,0,0,0.05,273.15,6,1,1
277.65,90,60,9,1.55,0,0,0.05,273.15,6,1,1
281.35,74,0,6,1.5,0,0,0.01,273.15,6,1,1
281.35,74,0,6,1.5,0,0,0.01,273.15,6,1,1
281.35,74,0,6,1.5,0,0,0.01,273.15,6,1,1
278.35,84,0,8,1.5,0,0,0.01,273.15,6,1,0
281.25,60,60,8,1.45,0,0,0,273.15,6,1,0
275.25,81,0,6,1.5,0.09,0.09,0.09,273.05,3,0,0
276.15,87,71,9,1.4,0.01,0.03,0.1,273.15,6,1,0
274.55,91,71,9,1.4,0.02,0.03,0.12,272.95,6,1,0
275.15,97,70,9,1.4,0.04,0.05,0.16,273.05,2,,0
275.85,87,71,9,1.4,0.01,0.05,0.17,273.15,2,2,0
274.55,50,0,5,1.4,0.02,0.02,0.19,272.95,2,2,0
281.05,47,0,4,1.4,0,0.02,0.1,272.95,2,2,0
274.75,90,70,9,1.35,0.01,0.01,0.1,273.05,2,2,0
276.85,88,60,9,1.35,0,0.01,0.08,273.15,6,2,0
269.55,92,70,9,1.5,0.14,0.14,0.18,273.15,1,1,0
268.35,92,71,9,1.6,0.07,0.14,0.24,272.95,9,0,0
270.55,87,73,9,1.65,0.07,0.14,0.29,272.95,1,0,0
276.95,56,0,2,1.65,0.06,0.06,0.35,270.85,9,0,0
280.55,43,0,0,0.8,0,0,0,271.35,9,1,0
277.05,46,0,0,0.8,0,0,0,268.15,9,1,0
275.45,53,0,0,0.75,0,0,0,269.75,9,1,0
279.65,35,0,0,0.75,0,0,0,271.55,9,1,0
272.15,50,0,0,0.75,0,0,0,267.25,9,1,1
277.35,49,0,0,0.75,0,0,0,269.55,9,1,1
273.95,39,0,0,0.75,0,0,0,266.65,3,1,1
275.95,46,0,0,0.75,0,0,0,267.45,3,1,0
277.35,32,0,0,0.7,0,0,0,269.95,3,1,0
281.15,30,0,0,0.7,0,0,0,271.95,3,1,0
276.75,30,0,0,0.68,0,0,0,270.65,3,1,0
280.15,41,0,0,0.68,0,0,0,271.65,3,1,0
278.95,32,0,0,0.65,0,0,0,269.25,3,1,0
281.65,14,0,0,0.6,0,0,0,270.65,7,1,0
281.35,18,0,0,0.57,0,0,0,271.25,1,1,0
278.15,19,0,2,0.56,0,0,0,270.75,7,1,0
282.25,19,0,8,0.56,0,0,0,271.75,7,1,0
273.15,95,0,2,0.54,0,0,0,273.05,7,1,0
275.15,54,0,1,0.54,0,0,0,273.05,7,1,0
280.75,24,0,0,0.5,0,0,0,271.95,7,1,0
283.45,22,0,0,0.5,0,0,0,270.95,3,1,0
281.75,18,0,1,0.48,0,0,0,273.05,3,1,0
280.45,30,0,0,0.48,0,0,0,272.95,6,1,0
279.25,24,0,5,0.48,0,0,0,271.05,7,1,0
276.15,69,0,4,0.46,0,0,0,272.55,7,1,0
280.75,42,0,0,0.45,0,0,0,273.05,6,1,0
276.75,94,61,9,0.38,0,0,0,273.15,6,1,0
279.05,73,0,7,0.38,0,0,0,273.15,6,1,0
269.25,58,0,0,0.64,0,0.26,0,270.85,9,0,0
,65,0,,0.64,0.26,0.26,0.26,,,,0
273.65,22,0,4,0.63,0,0,0.26,,3,1,0
281.75,22,0,5,0.62,0,0,0.26,,3,1,0
277.15,30,0,2,0.6,0,0,0.26,,3,1,0
280.75,27,0,2,0.55,0,0,0.26,,3,1,0
279.15,38,0,4,0.55,0,0,0.26,,3,1,0
276.15,51,0,8,0.16,0,0.02,0,,6,1,0
275.55,53,0,8,0.18,0.02,0.02,0.02,,2,1,0
270.15,97,86,9,0.4,0.18,0.26,0.2,,1,0,0
270.55,97,86,9,0.48,0.08,0.26,0.28,,1,1,0
276.35,74,0,4,0.55,0.07,0.07,0.35,,7,2,0
280.95,58,0,6,0.55,0,0.07,0.35,273.05,6,1,0
274.35,99,84,8,0.5,0,0.03,0.35,273.15,6,1,0
271.55,95,70,9,0.53,0.03,0.03,0.36,272.15,1,1,0
270.25,87,0,8,0.55,0.05,0.08,0.23,272.95,1,2,0
271.55,89,73,9,0.55,0.03,0.08,0.18,272.95,1,2,0
271.25,47,0,5,0.55,0.02,0.02,0.13,270.75,2,1,0
280.75,25,0,5,0.5,0,0.02,0.13,272.65,3,1,0
280.65,56,0,7,0.5,0,0,0.13,272.95,6,2,0
280.25,63,81,8,0.48,0,0,0.1,272.95,6,2,0
278.35,38,0,1,0.45,0,0,0.05,272.45,7,2,0
278.95,52,0,8,0.42,0,0,0.02,273.05,6,1,0
278.85,80,60,8,0.4,0,0,0,273.15,6,2,0
279.45,52,0,8,0.38,0,0,0,273.15,6,2,0
281.55,72,63,8,0.35,0,0,0,273.05,6,2,1
281.55,72,63,8,0.35,0,0,0,273.05,6,2,1
281.55,72,63,8,0.35,0,0,0,273.05,6,2,1
277.35,61,16,4,0.3,0,0,0,273.15,6,1,0
277.85,65,88,8,0.28,0,0,0,273.15,6,1,0
276.65,80,60,8,0.43,0.15,0.15,0.15,272.65,1,1,0
278.15,97,63,8,0.4,0,0.15,0.15,273.05,1,1,0
283.75,49,0,8,0.37,0,0,0.15,273.05,6,1,0
284.75,46,0,8,0.37,0,0,0.15,273.05,6,1,0
281.55,62,0,7,0.25,0,0,0.15,273.05,6,1,0
283.35,52,0,7,0.2,0,0,0.15,273.05,6,1,0
285.15,35,0,7,0.1,0,0,0,273.05,6,,0
286.95,14,0,6,0.08,0,0,0,273.05,6,,0
284.35,37,0,6,0.05,0,0,0,,6,,0
285.35,33,0,8,0.05,0,0,0,,6,,0
283.35,37,0,2,0,0,0,0,,,,0
283.45,39,0,8,0,0,0,0,,,,0
278.25,50,0,7,0,0,0,0,,0,,0
280.65,51,0,8,0,0,0,0,,0,,0
280.65,42,0,0,0,0,0,0,,3,,0
282.55,40,0,0,0,0,0,0,,0,,0
274.55,95,61,9,0,0,0,0,,0,,0
273.95,95,61,9,0,0,0,0,,0,,0
273.45,90,71,9,0.02,0.02,0.08,0.02,,1,,0
273.75,84,71,9,0.08,0.06,0.08,0.08,272.65,1,0,0
277.35,81,0,7,0.09,0,0.05,0.08,,6,,0
276.05,96,60,8,0.12,0.05,0.05,0.13,272.65,6,1,0
275.55,73,84,9,0.02,0,0,0.13,,1,,0
276.05,49,0,6,0.01,0,0,0.13,,1,,0
274.85,32,0,1,0.01,0,0,0.11,,7,,0
276.55,23,0,1,0,0,0,0.05,,0,,0
276.55,54,0,4,0,0,0,0.05,,0,,0
272.05,86,71,8,0,0,0,0,,0,,0
270.95,97,70,8,0.06,0.06,0.07,0.06,273.05,1,0,0
274.25,77,0,7,0.07,0.01,0.07,0.07,,1,1,0
269.55,92,75,9,0.25,0.18,0.23,0.25,271.05,1,0,1
269.55,92,75,9,0.25,0.18,0.23,0.25,271.05,1,0,1
269.55,92,75,9,0.25,0.18,0.23,0.25,271.05,1,0,1
269.55,92,75,9,0.25,0.18,0.23,0.25,271.05,1,0,1
269.55,92,75,9,0.25,0.18,0.23,0.25,271.05,1,0,1
271.05,99,73,9,0.3,0.05,0.23,0.3,271.85,1,1,1
271.05,99,73,9,0.3,0.05,0.23,0.3,271.85,1,1,1
271.05,99,73,9,0.3,0.05,0.23,0.3,271.85,1,1,1
271.05,99,73,9,0.3,0.05,0.23,0.3,271.85,1,1,1
271.05,99,73,9,0.3,0.05,0.23,0.3,271.85,1,1,1
271.15,75,0,5,0.41,0.24,0.24,0.54,,1,0,1
274.85,48,0,0,0.4,0,0.24,0.54,271.55,2,0,1
273.95,88,73,9,0.45,0.06,0.07,0.54,271.95,1,0,0
274.55,92,70,9,0.46,0.01,0.07,0.54,273.05,2,1,0
272.05,98,75,9,0.65,0.25,0.28,0.61,270.95,2,0,0
271.55,93,73,9,0.67,0.03,0.28,0.59,271.85,2,1,0
273.65,95,75,9,0.8,0.28,0.33,0.63,273.15,1,1,1
273.65,95,75,9,0.8,0.28,0.33,0.63,273.15,1,1,1
273.65,95,75,9,0.8,0.28,0.33,0.63,273.15,1,1,1
273.65,95,75,9,0.8,0.28,0.33,0.63,273.15,1,1,1
273.65,95,75,9,0.8,0.28,0.33,0.63,273.15,1,1,1
273.65,95,75,9,0.8,0.28,0.33,0.63,273.15,1,1,1
273.65,95,75,9,0.8,0.28,0.33,0.63,273.15,1,1,1
273.65,95,75,9,0.8,0.28,0.33,0.63,273.15,1,1,1
273.65,95,75,9,0.8,0.28,0.33,0.63,273.15,1,1,1
273.65,95,75,9,0.8,0.28,0.33,0.63,273.15,1,1,1
273.65,95,75,9,0.8,0.28,0.33,0.63,273.15,1,1,1
273.65,95,75,9,0.8,0.28,0.33,0.63,273.15,1,1,1
273.65,95,75,9,0.8,0.28,0.33,0.63,273.15,1,1,1
273.65,95,75,9,0.8,0.28,0.33,0.63,273.15,1,1,1
273.65,95,75,9,0.8,0.28,0.33,0.63,273.15,1,1,1
273.65,95,75,9,0.8,0.28,0.33,0.63,273.15,1,1,1
275.15,90,71,9,0.82,0.05,0.33,0.68,273.15,2,2,1
275.15,90,71,9,0.82,0.05,0.33,0.68,273.15,2,2,1
275.15,90,71,9,0.82,0.05,0.33,0.68,273.15,2,2,1
275.15,90,71,9,0.82,0.05,0.33,0.68,273.15,2,2,1
275.15,90,71,9,0.82,0.05,0.33,0.68,273.15,2,2,1
275.15,90,71,9,0.82,0.05,0.33,0.68,273.15,2,2,1
275.15,90,71,9,0.82,0.05,0.33,0.68,273.15,2,2,1
275.15,90,71,9,0.82,0.05,0.33,0.68,273.15,2,2,1
275.15,90,71,9,0.82,0.05,0.33,0.68,273.15,2,2,1
275.15,90,71,9,0.82,0.05,0.33,0.68,273.15,2,2,1
275.15,90,71,9,0.82,0.05,0.33,0.68,273.15,2,2,1
275.15,90,71,9,0.82,0.05,0.33,0.68,273.15,2,2,1
275.15,90,71,9,0.82,0.05,0.33,0.68,273.15,2,2,1
275.15,90,71,9,0.82,0.05,0.33,0.68,273.15,2,2,1
275.15,90,71,9,0.82,0.05,0.33,0.68,273.15,2,2,1
275.15,90,71,9,0.82,0.05,0.33,0.68,273.15,2,2,1
276.45,100,63,9,0.6,0,0,0.62,273.15,6,0,0
275.55,100,63,9,0.6,0,0,0.61,272.75,6,1,0
,,,,,,,,,,,0
280.35,59,0,7,0.4,0,,,273.15,6,1,0
270.75,94,73,9,0.55,0.16,0.19,,273.05,1,0,0
270.65,94,75,8,0.56,0.03,0.19,,272.75,1,1,0
271.05,67,0,7,0.75,0.35,0.4,,269.45,1,0,1
272.25,53,36,7,0.8,0.05,0.4,,270.55,2,1,1
271.85,56,0,6,0.8,0.05,0.05,0.64,266.05,2,1,0
273.15,50,0,1,0.8,0,0.05,0.64,269.15,2,1,0
270.15,88,73,9,0.83,0.08,0.13,0.56,270.65,1,0,0
270.75,86,70,9,0.85,0.05,0.13,0.58,271.35,1,1,0
275.65,61,0,0,0.99,0.14,0.14,0.37,272.65,1,0,0
274.25,97,73,9,0.9,0.04,0.09,0.36,273.05,1,1,0
273.35,92,73,9,0.95,0.05,0.09,0.36,272.85,1,1,0
272.95,90,73,8,1.2,0.4,0.41,0.76,270.95,1,0,0
274.45,69,0,2,1.21,0.01,0.41,0.69,272.75,1,1,0
273.75,37,0,6,1.22,0,0,0.64,270.75,9,1,0
272.85,42,0,0,1.27,0.05,0.05,0.55,270.55,9,1,1
272.85,42,0,0,1.27,0.05,0.05,0.55,270.55,9,1,1
272.85,88,86,6,1.25,0.01,0.01,0.47,272.55,1,1,1
274.45,51,0,7,1.25,0,0.01,0.47,272.85,1,1,1
280.75,60,0,6,1.25,0,0,0.06,272.75,6,2,1
280.75,60,0,6,1.25,0,0,0.06,272.75,6,2,1
280.75,60,0,6,1.25,0,0,0.06,272.75,6,2,1
283.55,43,36,4,0.95,0,0,0.06,272.95,6,2,1
283.55,43,36,4,0.95,0,0,0.06,272.95,6,2,1
283.55,43,36,4,0.95,0,0,0.06,272.95,6,2,1
274.75,45,0,0,0.77,0,0,0.06,273.05,1,1,0
277.45,67,69,8,0.6,0,0,0.01,273.05,6,0,0
277.35,59,88,8,0.57,0,0,0,272.95,6,1,0
272.45,35,0,8,0.65,0.07,0.07,0.07,273.05,1,0,0
271.75,96,75,9,0.6,0.05,0.15,0.12,272.45,1,2,0
271.15,96,75,9,0.68,0.1,0.15,0.22,271.65,1,0,0
274.95,26,0,8,1.1,0.45,0.45,0.67,268.25,2,0,0
274.55,55,36,8,1.1,0,0.45,0.67,270.35,3,0,0
272.75,,0,3,1.15,0.08,0.08,0.75,269.15,2,1,1
272.75,,0,3,1.15,0.08,0.08,0.75,269.15,2,1,1
273.55,78,0,7,1.15,0,0.08,0.68,268.15,3,1,1
273.55,78,0,7,1.15,0,0.08,0.68,268.15,3,1,1
279.65,57,0,4,0.9,0,0,0.63,272.85,3,1,0
284.25,43,36,6,0.65,0,0,0.53,272.75,6,1,0
285.05,41,0,8,0.6,0,0,0.08,272.95,6,1,0
275.85,97,71,8,0.5,0,0,0.08,273.05,6,1,0
275.35,95,63,8,0.5,0,0,0,273.05,6,1,0
271.85,89,0,6,0.55,0.05,0.05,0.05,273.05,1,2,0
273.05,82,0,8,0.55,0,0.05,0.05,273.15,1,2,0
274.85,22,0,0,0.55,0,0,0.05,271.65,3,2,0
277.95,22,0,7,0.55,0,0,0.05,273.05,3,2,0
274.45,66,0,8,0.5,0,0,0.05,272.25,3,2,0
270.85,67,0,8,0.5,0,0,0.05,273.05,3,2,0
273.15,88,0,8,0.51,0.01,0.01,0.01,272.65,2,2,0
275.45,84,69,6,0.51,0,0.01,0.01,273.05,1,2,0
277.85,74,0,7,0.51,0.01,0.01,0.02,273.05,3,2,0
280.05,70,0,7,0.51,0,0.01,0.02,273.05,3,2,0
270.95,86,73,9,0.58,0.08,0.08,0.1,272.75,1,0,0
276.85,54,0,7,0.6,0.01,0.01,0.11,272.85,3,2,0
276.45,30,0,0,0.6,0,0,0.1,268.55,3,2,0
285.75,22,0,0,0.6,0,0,0.1,,3,2,0
271.45,35,0,7,0.58,0,0,0.09,271.35,7,2,0
280.95,30,0,0,0.58,0,0,0.09,272.85,6,2,0
277.25,51,0,8,0.56,0,0,0.01,272.65,7,2,0
278.95,35,0,8,0.56,0,0,0,272.85,6,2,0
272.15,85,86,9,0.66,0.01,0.15,0.01,272.35,1,1,0
270.95,67,86,7,0.65,0.14,0.15,0.15,271.95,1,0,0
273.05,91,70,8,0.6,0.01,0.01,0.16,271.85,1,1,0
273.85,89,63,8,0.6,0,0.01,0.16,272.45,2,1,0
272.25,95,88,9,0.62,0.02,0.17,0.18,271.85,9,2,0
269.75,97,75,9,0.77,0.15,0.17,0.33,271.75,1,1,0
273.95,85,0,8,1.21,0.44,0.44,0.76,271.85,2,0,1
273.95,85,0,8,1.21,0.44,0.44,0.76,271.85,2,0,1
273.95,85,0,8,1.21,0.44,0.44,0.76,271.85,2,0,1
273.95,85,0,8,1.21,0.44,0.44,0.76,271.85,2,0,1
273.95,85,0,8,1.21,0.44,0.44,0.76,271.85,2,0,1
273.95,85,0,8,1.21,0.44,0.44,0.76,271.85,2,0,1
273.95,85,0,8,1.21,0.44,0.44,0.76,271.85,2,0,1
273.95,85,0,8,1.21,0.44,0.44,0.76,271.85,2,0,1
273.95,85,0,8,1.21,0.44,0.44,0.76,271.85,2,0,1
273.95,85,0,8,1.21,0.44,0.44,0.76,271.85,2,0,1
273.95,85,0,8,1.21,0.44,0.44,0.76,271.85,2,0,1
273.95,85,0,8,1.21,0.44,0.44,0.76,271.85,2,0,1
273.95,85,0,8,1.21,0.44,0.44,0.76,271.85,2,0,1
273.95,85,0,8,1.21,0.44,0.44,0.76,271.85,2,0,1
273.95,85,0,8,1.21,0.44,0.44,0.76,271.85,2,0,1
273.95,85,0,8,1.21,0.44,0.44,0.76,271.85,2,0,1
274.35,84,70,8,1.2,0,0.44,0.62,271.85,2,1,1
274.35,84,70,8,1.2,0,0.44,0.62,271.85,2,1,1
274.35,84,70,8,1.2,0,0.44,0.62,271.85,2,1,1
274.35,84,70,8,1.2,0,0.44,0.62,271.85,2,1,1
274.35,84,70,8,1.2,0,0.44,0.62,271.85,2,1,1
274.35,84,70,8,1.2,0,0.44,0.62,271.85,2,1,1
274.35,84,70,8,1.2,0,0.44,0.62,271.85,2,1,1
274.35,84,70,8,1.2,0,0.44,0.62,271.85,2,1,1
274.35,84,70,8,1.2,0,0.44,0.62,271.85,2,1,1
274.35,84,70,8,1.2,0,0.44,0.62,271.85,2,1,1
274.35,84,70,8,1.2,0,0.44,0.62,271.85,2,1,1
274.35,84,70,8,1.2,0,0.44,0.62,271.85,2,1,1
274.35,84,70,8,1.2,0,0.44,0.62,271.85,2,1,1
274.35,84,70,8,1.2,0,0.44,0.62,271.85,2,1,1
274.35,84,70,8,1.2,0,0.44,0.62,271.85,2,1,1
274.35,84,70,8,1.2,0,0.44,0.62,271.85,2,1,1
272.25,71,0,3,1,0.03,0.03,0.64,269.15,1,1,0
279.35,63,0,7,0.9,0,0.03,0.64,272.55,3,1,0
270.15,82,73,8,1.1,0.28,0.35,0.9,271.85,1,0,0
272.25,73,0,7,1.1,0.07,0.35,0.82,272.65,1,0,0
270.55,98,75,9,1.5,0.4,0.42,0.78,270.65,1,0,0
272.05,98,71,8,1.5,0.02,0.42,0.8,271.65,1,1,0
273.95,100,63,9,1.3,0.15,0.15,0.92,272.55,6,0,1
273.95,100,63,9,1.3,0.15,0.15,0.92,272.55,6,0,1
273.95,100,63,9,1.3,0.15,0.15,0.92,272.55,6,0,1
273.95,100,63,9,1.3,0.15,0.15,0.92,272.55,6,0,1
273.95,100,63,9,1.3,0.15,0.15,0.92,272.55,6,0,1
273.95,100,63,9,1.3,0.15,0.15,0.92,272.55,6,0,1
273.95,100,63,9,1.3,0.15,0.15,0.92,272.55,6,0,1
273.95,100,63,9,1.3,0.15,0.15,0.92,272.55,6,0,1
275.35,100,65,9,1.3,0,0.15,0.92,272.45,6,1,1
275.35,100,65,9,1.3,0,0.15,0.92,272.45,6,1,1
275.35,100,65,9,1.3,0,0.15,0.92,272.45,6,1,1
275.35,100,65,9,1.3,0,0.15,0.92,272.45,6,1,1
275.35,100,65,9,1.3,0,0.15,0.92,272.45,6,1,1
275.35,100,65,9,1.3,0,0.15,0.92,272.45,6,1,1
275.35,100,65,9,1.3,0,0.15,0.92,272.45,6,1,1
275.35,100,65,9,1.3,0,0.15,0.92,272.45,6,1,1
275.15,68,0,0,1.2,0,0,0.64,271.65,8,2,1
277.85,26,0,0,1.15,0,0,0.57,271.05,7,2,0
282.75,30,0,0,1.13,0,0,0.17,272.55,7,2,0
281.45,22,0,0,1.1,0,0,0.15,270.65,7,2,0
286.45,22,0,0,1.08,0,0,0,272.45,6,2,0
279.95,22,0,0,1.07,0,0,0,271.85,7,2,0
285.25,28,0,0,1.05,0,0,0,272.55,6,2,0
281.85,31,0,0,1.05,0,0,0,272.05,7,2,1
283.25,33,0,0,1.05,0,0,0,272.65,3,2,1
278.55,52,0,0,1,0,0,0,272.15,7,2,0
282.25,52,0,5,1,0,0,0,272.55,6,1,0
277.55,57,0,0,1,0,0,0,271.65,7,2,0
282.35,52,0,1,0.96,0,0,0,272.65,6,2,0
,,0,0,0.95,0,0,0,271.15,8,2,1
,,0,1,0.95,0,0,0,272.45,6,2,1
,,0,0,0.9,0,0,0,271.75,9,2,1
280.85,25,0,0,0.9,0,0,0,272.55,7,2,1
277.45,44,0,0,0.9,0,0,0,272.55,7,2,0
280.75,61,0,5,0.9,0,0,0,272.55,6,2,0
281.55,31,0,0,0.85,0,0,0,272.45,7,2,0
284.75,35,0,1,0.8,0,0,0,272.65,6,2,0
284.95,25,0,0,0.8,0,0,0,272.45,7,2,1
284.95,25,0,0,0.8,0,0,0,272.45,7,2,1
284.95,25,0,0,0.8,0,0,0,272.45,7,2,1
284.95,25,0,0,0.8,0,0,0,272.45,7,2,1
288.15,40,0,0,0,0,0,0,,,,1
288.15,40,0,0,0,0,0,0,,,,1
288.15,40,0,0,0,0,0,0,,,,1
288.15,40,0,0,0,0,0,0,,,,1
282.45,40,0,6,0.75,0,0,0,272.25,7,2,0
283.05,61,0,7,0.75,0,0,0,272.65,6,2,0
276.55,89,0,1,0.7,0,0,0,272.45,7,2,0
284.05,45,0,1,0.7,0,0,0,272.75,6,2,0
285.45,39,0,0,0.6,0,0,0,272.65,7,2,0
286.75,33,0,2,0.6,0,0,0,272.65,6,2,0
282.35,54,0,7,0.59,0,0,0,272.55,6,1,1
283.35,43,0,5,0.59,0,0,0,272.55,6,1,1
274.75,93,88,9,0.61,0.01,0.05,0.01,272.35,1,1,0
274.85,94,70,8,0.6,0.04,0.05,0.05,272.35,1,1,0
269.95,94,73,9,1,0.4,0.49,0.45,270.75,1,0,1
269.95,94,73,9,1,0.4,0.49,0.45,270.75,1,0,1
269.95,94,73,9,1,0.4,0.49,0.45,270.75,1,0,1
269.95,94,73,9,1,0.4,0.49,0.45,270.75,1,0,1
269.95,94,73,9,1,0.4,0.49,0.45,270.75,1,0,1
270.05,91,73,9,1.09,0.09,0.49,0.54,270.95,1,0,1
270.05,91,73,9,1.09,0.09,0.49,0.54,270.95,1,0,1
270.05,91,73,9,1.09,0.09,0.49,0.54,270.95,1,0,1
270.05,91,73,9,1.09,0.09,0.49,0.54,270.95,1,0,1
270.05,91,73,9,1.09,0.09,0.49,0.54,270.95,1,0,1
276.95,26,0,7,0.85,0.1,0.1,0.64,270.65,2,0,0
277.85,50,0,8,0.85,0,0.1,0.64,272.45,3,1,0
272.25,96,73,9,1,0.23,0.27,0.86,270.25,1,0,0
273.25,82,73,9,1.02,0.04,0.27,0.86,272.35,2,1,0
271.45,98,75,9,1.4,0.43,0.45,0.89,270.95,2,0,1
273.05,86,71,9,1.35,0.02,0.45,0.82,272.25,2,1,1
276.25,50,0,4,1.35,0,0,0.72,272.15,6,1,1
276.25,50,0,4,1.35,0,0,0.72,272.15,6,1,1
278.95,52,0,7,1.35,0,0,0.45,272.25,7,2,0
283.65,35,0,7,1.35,0,0,0.45,272.55,6,1,0
278.35,52,0,8,1.3,0,0,0,272.45,7,2,1
278.35,52,0,8,1.3,0,0,0,272.45,7,2,1
278.35,52,0,8,1.3,0,0,0,272.45,7,2,1
281.25,51,0,8,1.28,0,0,0,272.75,6,2,1
281.25,51,0,8,1.28,0,0,0,272.75,6,2,1
281.25,51,0,8,1.28,0,0,0,272.75,6,2,1
277.75,54,0,0,1.27,0,0,0,272.65,7,1,0
282.65,42,0,6,1.27,0,0,0,272.95,6,1,0
280.65,52,0,6,1,0,0,0,272.35,6,1,1
280.65,52,0,6,1,0,0,0,272.35,6,1,1
281.15,49,0,6,0.9,0,0,0,272.85,6,1,1
281.15,49,0,6,0.9,0,0,0,272.85,6,1,1
283.05,31,0,6,0.6,0,0,0,272.45,6,1,0
285.45,35,0,8,0.6,0,0,0,272.55,6,1,0
274.45,96,73,9,0.59,0,0,0,271.95,6,,1
274.45,96,73,9,0.59,0,0,0,271.95,6,,1
274.45,96,73,9,0.59,0,0,0,271.95,6,,1
274.45,96,73,9,0.59,0,0,0,271.95,6,,1
274.45,96,73,9,0.59,0,0,0,271.95,6,,1
274.45,96,73,9,0.59,0,0,0,271.95,6,,1
274.45,96,73,9,0.59,0,0,0,271.95,6,,1
275.45,94,70,8,0.8,0.25,0.25,0.25,272.75,6,1,1
277.65,99,61,9,0.75,0,0,0.25,272.75,6,1,0
281.05,99,60,9,0.75,0,0,0.25,272.55,6,1,0
280.35,68,0,2,0.7,0,0,0.25,272.75,7,2,0
284.75,52,0,0,0.7,0,0,0.25,272.55,6,1,0
282.65,22,0,0,0.53,0,0,0,272.55,7,2,0
287.65,22,0,0,0.53,0,0,0,272.55,6,1,0
283.55,50,0,3,0.52,0,0,0,272.85,7,2,0
287.95,36,0,0,0.52,0,0,0,273.15,6,1,0
282.15,63,0,1,0.37,0,0,0,272.45,6,2,0
280.15,82,0,0,0.3,0,0,0,272.95,6,2,0
279.35,88,0,0,0.22,0,0,0,272.55,7,2,0
284.05,72,0,6,0.2,0,0,0,272.55,6,1,0
282.85,49,0,2,0.18,0,0,0,272.55,7,2,0
285.85,46,0,1,0.16,0,0,0,272.55,6,1,0
285.15,56,0,1,0.08,0,0,0,,6,,0
287.75,53,0,0,0.05,0,0,0,,6,,0
286.35,44,0,0,0,0,0,0,,0,,0
284.15,25,0,4,0,0,0,0,,0,,0
280.35,57,0,0,0,0,0,0,,0,,0
282.55,58,0,0,0,0,0,0,,0,,0
275.95,100,61,9,0,0,0,0,,0,,0
277.15,97,61,9,0,0,0,0,,0,,0
277.45,66,0,0,0,0,0,0,,,,0
282.25,62,0,7,0,0,0,0,,,,0
277.25,69,0,8,0.1,0,0,0,273.05,6,,0
279.15,64,0,8,0.1,0,0,0,273.05,6,,0
273.25,95,45,9,0.1,0.01,0.02,0.01,272.95,2,,0
272.85,93,45,9,0.1,0.01,0.02,0.02,272.95,2,,0
275.15,91,69,8,0.1,0.01,0.01,0.03,272.85,2,2,0
274.75,96,69,8,0.1,0,0.01,0.03,273.05,2,2,0
276.95,94,63,8,0.1,0,0,0.03,272.95,6,2,0
277.65,95,61,9,0.08,0,0,0.03,273.05,6,2,0
277.75,96,61,9,0.07,0,0,0.02,272.75,6,2,0
277.75,95,45,9,0.07,0,0,0.01,272.75,6,2,0
278.25,71,0,0,0.06,0,0,0,273.15,7,2,0
279.35,62,0,0,0.06,0,0,0,272.85,6,2,0
276.55,71,0,6,0.06,0,0,0,272.55,6,2,0
279.15,82,60,6,0.06,0,0,0,272.85,6,2,0
276.35,35,0,0,0.05,0,0,0,272.95,7,2,0
281.95,30,0,0,0.05,0,0,0,272.85,6,2,0
281.15,27,0,0,0.05,0,0,0,273.15,6,2,0
280.35,28,0,1,0.05,0,0,0,273.15,6,1,0
274.45,42,0,0,0.05,0,0,0,272.15,6,2,0
274.35,42,0,0,0.05,0,0,0,273.05,6,2,0
271.95,84,0,0,0.05,0,0,0,269.75,6,2,0
276.35,56,0,7,0.05,0,0,0,272.75,6,2,0
270.55,73,0,1,0.05,0,0,0,270.65,6,2,0
277.85,40,0,6,0.05,0,0,0,272.85,6,2,0
274.45,71,71,8,0.08,0.03,0.04,0.03,272.75,1,2,0
274.35,93,73,9,0.09,0.01,0.04,0.04,272.75,1,2,0
267.95,91,70,8,0.52,0.43,0.44,0.47,269.75,1,0,0
267.85,90,0,3,0.53,0.01,0.44,0.48,269.15,9,0,0
267.15,85,36,0,0.58,0.05,0.05,0.53,,9,1,1
269.55,27,36,0,0.45,0,0.05,0.53,267.55,2,1,1
269.65,29,0,0,0.45,0,0,0.5,266.55,1,1,0
276.05,49,0,0,0.45,0,0,0.49,268.65,3,1,0
272.35,50,0,0,0.45,0,0,0.06,266.35,3,1,0
277.55,30,0,0,0.45,0,0,0.05,267.25,3,1,0
276.75,27,0,0,0.43,0,0,0,266.05,7,2,0
278.35,20,0,0,0.43,0,0,0,268.15,7,2,0
276.65,22,0,6,0.43,0,0,0,269.95,7,2,0
278.65,31,0,6,0.43,0,0,0,270.75,7,2,0
279.95,53,0,1,0.43,0,0,0,271.05,7,2,0
279.45,56,0,1,0.43,0,0,0,272.85,6,2,0
274.15,40,0,0,0.43,0,0,0,272.05,7,2,0
281.15,28,0,0,0.43,0,0,0,271.55,7,2,0
280.15,33,0,0,0.4,0,0,0,271.05,7,2,0
283.45,17,0,0,0.4,0,0,0,271.55,7,2,0
276.75,67,0,3,0.38,0,0,0,268.25,7,2,0
272.65,89,0,0,0.37,0,0,0,,7,1,0
279.35,43,0,0,0.37,0,0,0,,7,1,0
273.95,36,0,2,0.37,0,0,0,267.85,7,1,0
277.95,40,0,2,0.37,0,0,0,269.75,7,1,0
279.65,23,0,2,0.36,0,0,0,271.15,7,1,0
284.65,16,0,5,0.36,0,0,0,272.45,6,1,0
281.75,53,0,0,0.35,0,0,0,272.75,7,1,0
284.55,41,0,0,0.35,0,0,0,272.75,7,1,0
275.55,92,60,8,0.33,0,0,0,272.65,6,1,0
273.25,92,44,9,0.32,0,0,0,272.75,6,1,0
282.95,23,0,0,0.3,0,0,0,269.55,7,2,0
282.75,,0,0,0.3,0,0,0,271.85,7,2,0
279.75,24,0,2,0.28,0,0,0,271.25,7,2,0
280.75,35,0,3,0.28,0,0,0,272.75,7,2,0
273.55,68,0,0,0.25,0,0,0,269.45,7,2,0
278.05,41,0,2,0.25,0,0,0,272.85,7,2,0
281.25,23,0,7,0.25,0,0,0,272.05,7,2,0
280.75,27,0,8,0.23,0,0,0,272.95,7,2,0
273.25,99,71,9,0.33,0.1,0.13,0.1,272.75,2,0,1
271.65,92,70,9,0.36,0.03,0.13,0.13,272.75,1,0,1
270.35,88,70,8,0.5,0.27,0.28,0.4,270.15,1,0,1
272.05,85,70,9,0.5,0.01,0.28,0.41,271.75,2,1,1
270.35,94,71,8,0.4,0.07,0.1,0.48,269.75,1,0,0
270.35,66,70,7,0.42,0.03,0.1,0.51,271.75,1,1,0
267.75,50,0,6,0.48,0.1,0.1,0.48,263.75,2,0,1
271.25,43,0,8,0.45,0,0.1,0.48,270.65,2,1,1
270.35,92,70,7,0.45,0.02,0.02,0.22,270.15,1,1,0
273.45,59,0,5,0.45,0,0.02,0.22,271.15,1,1,0
269.85,96,49,9,0.5,0.1,0.11,0.25,270.75,1,0,0
270.95,90,70,9,0.51,0.01,0.11,0.23,272.55,1,1,0
266.95,80,0,8,0.54,0.03,0.03,0.16,270.65,1,0,0
272.95,23,0,0,0.54,0,0.03,0.16,271.55,1,0,0
268.85,56,0,0,0.54,0,0,0.14,269.15,1,0,0
271.95,43,0,8,0.54,0,0,0.14,270.75,3,1,0
269.85,23,0,1,0.5,0.02,0.02,0.06,,1,2,0
270.95,44,0,0,0.5,0,0.02,0.05,268.85,2,2,0
269.15,68,0,8,0.45,0,0,0.02,268.05,2,2,0
275.15,54,0,8,0.45,0,0,0.02,269.95,2,2,0
273.55,96,61,9,0.48,0.03,0.03,0.05,272.55,3,2,0
273.55,90,0,8,0.48,0,0.03,0.05,272.75,6,2,0
268.05,96,0,1,0.45,0,0,0.03,265.65,8,2,0
274.55,65,0,0,0.45,0,0,0.03,271.45,3,2,0
273.75,73,0,7,0.4,0,0,0.03,272.05,7,2,0
275.25,56,70,8,0.4,0,0,0.03,272.85,7,2,0
270.75,98,75,9,0.65,0.13,0.13,0.13,271.15,1,1,1
270.75,98,75,9,0.65,0.13,0.13,0.13,271.15,1,1,1
270.75,98,75,9,0.65,0.13,0.13,0.13,271.15,1,1,1
270.75,98,75,9,0.65,0.13,0.13,0.13,271.15,1,1,1
270.75,98,75,9,0.65,0.13,0.13,0.13,271.15,1,1,1
270.75,98,75,9,0.65,0.13,0.13,0.13,271.15,1,1,1
270.75,98,75,9,0.65,0.13,0.13,0.13,271.15,1,1,1
270.75,98,75,9,0.65,0.13,0.13,0.13,271.15,1,1,1
270.75,98,75,9,0.65,0.13,0.13,0.13,271.15,1,1,1
270.75,98,75,9,0.65,0.13,0.13,0.13,271.15,1,1,1
270.75,98,75,9,0.65,0.13,0.13,0.13,271.15,1,1,1
270.75,98,75,9,0.65,0.13,0.13,0.13,271.15,1,1,1
270.75,98,75,9,0.65,0.13,0.13,0.13,271.15,1,1,1
269.45,97,75,9,1.25,0.6,0.75,0.73,270.55,1,0,1
269.45,97,75,9,1.25,0.6,0.75,0.73,270.55,1,0,1
269.45,97,75,9,1.25,0.6,0.75,0.73,270.55,1,0,1
269.45,97,75,9,1.25,0.6,0.75,0.73,270.55,1,0,1
269.45,97,75,9,1.25,0.6,0.75,0.73,270.55,1,0,1
269.45,97,75,9,1.25,0.6,0.75,0.73,270.55,1,0,1
269.85,96,75,9,1.4,0.15,0.75,0.88,269.85,1,0,1
269.85,96,75,9,1.4,0.15,0.75,0.88,269.85,1,0,1
269.85,96,75,9,1.4,0.15,0.75,0.88,269.85,1,0,1
269.85,96,75,9,1.4,0.15,0.75,0.88,269.85,1,0,1
269.85,96,75,9,1.4,0.15,0.75,0.88,269.85,1,0,1
269.85,96,75,9,1.4,0.15,0.75,0.88,269.85,1,0,1
267.85,72,0,6,1.75,,,,270.55,1,0,0
267.85,44,0,0,1.6,0.01,0.07,,267.35,1,1,0
263.75,71,0,1,1.6,0.06,0.07,,260.35,1,1,0
265.05,66,0,2,1.67,0.07,0.08,,264.25,1,1,0
264.55,78,70,9,1.68,0.01,0.08,,265.85,1,1,0
271.95,81,0,0,1.68,0,0,0.15,270.55,1,1,0
266.95,85,0,0,1.66,0,0,0.15,264.75,1,1,0
270.75,79,0,9,1.66,0,0,0.14,267.05,1,1,0
274.05,56,0,0,1.67,0.01,0.01,0.09,267.15,1,0,1
274.05,56,0,0,1.67,0.01,0.01,0.09,267.15,1,0,1
274.05,56,0,0,1.67,0.01,0.01,0.09,267.15,1,0,1
277.35,46,0,0,1.67,0,0.01,0.02,270.15,1,1,1
277.35,46,0,0,1.67,0,0.01,0.02,270.15,1,1,1
277.35,46,0,0,1.67,0,0.01,0.02,270.15,1,1,1
274.05,34,0,0,1.67,0,0,0.01,266.65,1,1,0
278.45,28,0,0,1.67,0,0,0.01,270.55,1,1,0
273.05,30,0,0,1.66,0,0,0.01,262.85,3,1,1
273.05,30,0,0,1.66,0,0,0.01,262.85,3,1,1
273.05,30,0,0,1.66,0,0,0.01,262.85,3,1,1
273.05,30,0,0,1.66,0,0,0.01,262.85,3,1,1
279.85,36,0,3,1.64,0,0,0.01,268.85,3,1,1
279.85,36,0,3,1.64,0,0,0.01,268.85,3,1,1
279.85,36,0,3,1.64,0,0,0.01,268.85,3,1,1
279.85,36,0,3,1.64,0,0,0.01,268.85,3,1,1
274.55,68,0,8,1.61,0.01,0.02,0.01,270.05,1,1,0
276.25,63,70,8,1.61,0.01,0.02,0.02,271.15,1,1,0
275.15,53,0,5,1.6,0.01,0.01,0.03,270.75,7,1,0
275.55,53,0,5,1.6,0,0.01,0.03,271.15,6,1,0
273.55,76,88,8,1.62,0.02,0.03,0.05,271.35,9,2,0
274.55,80,88,8,1.62,0.01,0.03,0.06,272.55,9,2,0
274.15,94,84,8,1.75,0.14,0.17,0.19,272.35,2,0,1
275.65,89,69,8,1.78,0.03,0.17,0.21,272.75,1,2,1
272.35,40,0,0,1.8,0.03,0.03,0.23,267.55,2,2,1
272.35,40,0,0,1.8,0.03,0.03,0.23,267.55,2,2,1
272.35,40,0,0,1.8,0.03,0.03,0.23,267.55,2,2,1
272.35,40,0,0,1.8,0.03,0.03,0.23,267.55,2,2,1
272.35,40,0,0,1.8,0.03,0.03,0.23,267.55,2,2,1
272.35,40,0,0,1.8,0.03,0.03,0.23,267.55,2,2,1
272.35,40,0,0,1.8,0.03,0.03,0.23,267.55,2,2,1
272.35,40,0,0,1.8,0.03,0.03,0.23,267.55,2,2,1
277.85,41,0,5,1.8,0,0.03,0.23,273.05,2,2,1
277.85,41,0,5,1.8,0,0.03,0.23,273.05,2,2,1
277.85,41,0,5,1.8,0,0.03,0.23,273.05,2,2,1
277.85,41,0,5,1.8,0,0.03,0.23,273.05,2,2,1
277.85,41,0,5,1.8,0,0.03,0.23,273.05,2,2,1
277.85,41,0,5,1.8,0,0.03,0.23,273.05,2,2,1
277.85,41,0,5,1.8,0,0.03,0.23,273.05,2,2,1
277.85,41,0,5,1.8,0,0.03,0.23,273.05,2,2,1
273.45,85,0,8,1.9,0.33,0.33,0.54,271.25,3,0,0
270.55,93,44,6,1.9,0.05,0.05,0.58,271.35,1,1,0
273.55,80,0,0,1.9,0,0.05,0.44,272.75,2,1,0
273.15,61,0,0,1.85,0,0,0.41,265.25,3,2,0
280.25,49,0,0,1.83,0,0,0.38,271.85,3,1,0
275.55,23,0,1,1.78,0,0,0.38,269.75,3,2,1
275.55,23,0,1,1.78,0,0,0.38,269.75,3,2,1
275.55,23,0,1,1.78,0,0,0.38,269.75,3,2,1
275.55,23,0,1,1.78,0,0,0.38,269.75,3,2,1
275.55,23,0,1,1.78,0,0,0.38,269.75,3,2,1
275.55,23,0,1,1.78,0,0,0.38,269.75,3,2,1
275.55,23,0,1,1.78,0,0,0.38,269.75,3,2,1
275.55,23,0,1,1.78,0,0,0.38,269.75,3,2,1
275.55,23,0,1,1.78,0,0,0.38,269.75,3,2,1
275.55,23,0,1,1.78,0,0,0.38,269.75,3,2,1
275.55,23,0,1,1.78,0,0,0.38,269.75,3,2,1
275.55,23,0,1,1.78,0,0,0.38,269.75,3,2,1
275.55,23,0,1,1.78,0,0,0.38,269.75,3,2,1
275.55,23,0,1,1.78,0,0,0.38,269.75,3,2,1
275.55,23,0,1,1.78,0,0,0.38,269.75,3,2,1
275.55,23,0,1,1.78,0,0,0.38,269.75,3,2,1
275.55,23,0,1,1.78,0,0,0.38,269.75,3,2,1
275.55,23,0,1,1.78,0,0,0.38,269.75,3,2,1
275.55,23,0,1,1.78,0,0,0.38,269.75,3,2,1
275.55,23,0,1,1.78,0,0,0.38,269.75,3,2,1
279.55,29,0,1,1.77,0,0,0.05,270.95,3,2,1
279.55,29,0,1,1.77,0,0,0.05,270.95,3,2,1
279.55,29,0,1,1.77,0,0,0.05,270.95,3,2,1
279.55,29,0,1,1.77,0,0,0.05,270.95,3,2,1
279.55,29,0,1,1.77,0,0,0.05,270.95,3,2,1
279.55,29,0,1,1.77,0,0,0.05,270.95,3,2,1
279.55,29,0,1,1.77,0,0,0.05,270.95,3,2,1
279.55,29,0,1,1.77,0,0,0.05,270.95,3,2,1
279.55,29,0,1,1.77,0,0,0.05,270.95,3,2,1
279.55,29,0,1,1.77,0,0,0.05,270.95,3,2,1
279.55,29,0,1,1.77,0,0,0.05,270.95,3,2,1
279.55,29,0,1,1.77,0,0,0.05,270.95,3,2,1
279.55,29,0,1,1.77,0,0,0.05,270.95,3,2,1
279.55,29,0,1,1.77,0,0,0.05,270.95,3,2,1
279.55,29,0,1,1.77,0,0,0.05,270.95,3,2,1
279.55,29,0,1,1.77,0,0,0.05,270.95,3,2,1
279.55,29,0,1,1.77,0,0,0.05,270.95,3,2,1
279.55,29,0,1,1.77,0,0,0.05,270.95,3,2,1
279.55,29,0,1,1.77,0,0,0.05,270.95,3,2,1
279.55,29,0,1,1.77,0,0,0.05,270.95,3,2,1
271.85,94,73,9,1.96,0.19,0.32,0.19,271.15,1,0,1
271.85,94,73,9,1.96,0.19,0.32,0.19,271.15,1,0,1
271.85,94,73,9,1.96,0.19,0.32,0.19,271.15,1,0,1
271.95,95,73,8,2.09,0.13,0.32,0.32,272.35,1,0,1
271.95,95,73,8,2.09,0.13,0.32,0.32,272.35,1,0,1
271.95,95,73,8,2.09,0.13,0.32,0.32,272.35,1,0,1
268.15,94,71,8,2.46,0.37,0.37,0.69,268.85,9,0,1
271.25,94,0,7,2.45,0,0.37,0.69,271.65,9,0,1
276.85,91,63,8,2.45,0,0,0.69,272.75,6,1,0
277.75,88,61,8,2.42,0,0,0.69,272.65,6,1,0
269.95,95,73,8,2.9,0.52,0.52,1.02,269.45,2,1,1
271.05,85,71,7,1.77,0.13,0.13,0.65,,9,0,0
277.35,87,60,8,1.75,0,0,0.13,,1,2,1
277.25,92,61,8,1.75,0,0,0.13,,1,2,1
278.45,92,63,8,1.65,0,0,0.13,,6,2,0
279.95,89,60,8,1.63,0,0,0.13,,6,2,0
279.25,94,60,8,1.65,0,0,0.13,272.95,6,1,0
279.55,91,60,9,1.62,0,0,0,273.05,6,1,0
279.35,81,0,6,1.45,0,0,0,273.05,6,1,1
279.35,81,0,6,1.45,0,0,0,273.05,6,1,1
279.35,81,0,6,1.45,0,0,0,273.05,6,1,1
279.35,81,0,6,1.45,0,0,0,273.05,6,1,1
283.85,53,0,2,1.4,0,0,0,273.05,6,1,1
283.85,53,0,2,1.4,0,0,0,273.05,6,1,1
283.85,53,0,2,1.4,0,0,0,273.05,6,1,1
283.85,53,0,2,1.4,0,0,0,273.05,6,1,1
270.15,94,75,9,1.5,0.11,0.13,0.11,273.05,1,0,0
274.25,86,0,9,1.5,0.02,0.13,0.13,272.85,1,0,0
270.55,23,0,0,1.6,0.1,0.1,0.23,272.95,1,0,0
274.35,19,0,0,1.6,0,0.1,0.23,271.25,1,1,0
281.45,33,0,1,1.6,0,0,0.23,273.05,3,1,0
285.05,34,0,0,1.57,0,0,0.23,273.15,3,1,0
283.85,13,0,0,1.55,0,0,0.12,271.95,7,1,0
289.15,17,0,2,1.55,0,0,0.1,273.05,6,1,0
284.35,28,0,4,1.5,0,0,0,273.05,7,2,0
285.15,23,0,4,1.5,0,0,0,273.05,6,2,0
285.15,15,0,6,1.45,0,0,0,273.05,7,1,0
284.35,26,0,1,1.42,0,0,0,273.05,7,2,1
284.35,26,0,1,1.42,0,0,0,273.05,7,2,1
284.35,26,0,1,1.42,0,0,0,273.05,7,2,1
285.15,26,0,6,1.41,0,0,0,273.05,6,2,1
285.15,26,0,6,1.41,0,0,0,273.05,6,2,1
285.15,26,0,6,1.41,0,0,0,273.05,6,2,1
281.45,23,0,0,1.4,0,0,0,273.05,7,2,0
286.75,26,0,0,1.4,0,0,0,273.05,6,2,0
281.55,24,0,2,1.36,0,0,0,273.15,7,2,0
287.75,24,0,0,1.34,0,0,0,273.15,6,2,0
275.55,92,63,9,1.3,0,0.01,0,273.05,6,1,0
273.85,94,71,9,1.31,0.01,0.01,0.01,273.05,3,2,0
270.75,95,70,8,1.6,0.28,0.29,0.29,271.65,2,0,0
274.35,86,70,9,1.61,0.01,0.29,0.3,272.65,2,1,0
271.55,71,0,4,1.65,0.07,0.07,0.37,271.55,1,1,0
273.05,75,44,9,1.63,0,0.07,0.37,273.05,1,1,0
272.35,92,0,6,1.66,0.03,0.03,0.4,272.55,1,1,0
276.75,73,0,8,1.63,0,0.03,0.39,273.05,2,1,0
276.35,39,0,2,1.63,0,0,0.11,272.35,7,1,0
280.35,37,0,0,1.62,0,0,0.1,272.85,6,1,0
275.95,59,0,7,1.6,0,0,0.03,272.45,7,1,0
279.35,60,0,5,1.6,0,0,0.03,273.05,6,1,0
277.35,84,0,3,1.58,0,0,0,273.05,6,1,0
277.35,84,0,3,1.58,0,0,0,273.05,6,1,0
280.25,67,0,2,1.55,0,0,0,273.15,6,2,0
276.05,91,0,8,1.5,0,0,0,273.05,6,2,0
278.65,84,45,9,1.47,0,0,0,273.15,6,2,0
275.15,97,45,9,1.45,0,0,0,273.05,6,2,0
275.85,90,45,9,1.45,0,0,0,273.15,6,2,0
274.75,96,84,9,1.43,0.01,0.01,0.01,273.05,1,1,0
278.25,76,0,8,1.58,0.15,0.15,0.16,273.15,1,1,0
278.15,62,0,8,1.55,0,0.15,0.16,273.15,6,1,0
274.95,87,45,9,1.54,0,0,0.16,273.15,6,1,0
269.85,84,71,9,1.65,0.21,0.24,0.37,271.85,9,0,0
270.95,78,86,8,1.68,0.03,0.24,0.4,273.05,1,1,0
272.15,43,0,8,1.68,0.06,0.06,0.45,272.45,1,1,0
277.05,65,0,0,1.35,0,0,0.3,273.15,6,2,0
281.45,51,0,3,1.34,0,0,0.3,273.15,6,2,0
279.55,84,0,6,1.3,0,0,0.3,273.05,6,2,0
280.75,71,0,7,1.3,0,0,0.09,272.95,6,2,0
278.15,73,0,8,1.26,0,0,0.06,273.05,7,2,0
279.85,66,0,8,1.22,0,0,0,273.05,6,1,0
276.15,57,0,8,1.22,0,0,0,273.05,6,2,0
279.15,85,60,8,1.21,0,0,0,273.05,6,2,0
282.45,38,0,0,1.19,0,0,0,272.35,6,2,0
283.45,47,0,0,1.19,0,0,0,273.15,6,2,0
276.85,72,0,6,1.21,0.02,0.02,0.02,273.15,2,1,0
274.85,89,45,9,1.21,0,0.02,0.02,273.15,2,1,0
284.25,49,0,2,1.21,0,0,0.02,272.95,2,2,0
283.75,49,0,2,1.2,0,0,0.02,273.15,2,2,0
280.35,36,0,2,1.15,0,0,0.02,273.05,7,2,0
286.45,27,0,4,1.15,0,0,0.02,273.05,6,2,0
273.35,93,45,9,1.1,0.01,0.01,0.01,272.95,1,2,0
274.45,88,0,6,1.1,0,0,0.01,273.05,7,,0
277.95,76,0,6,1.1,0,0,0.01,273.15,6,2,0
275.75,27,0,0,1.05,0,0,0.01,272.85,7,2,0
282.65,37,0,0,1.05,0,0,0.01,273.15,6,2,0
280.25,45,0,4,0.8,0,0,0,272.95,6,2,0
280.15,68,0,6,0.74,0,0,0,272.95,7,2,0
283.45,64,0,2,0.73,0,0,0,273.05,6,1,0
283.55,45,0,0,0.71,0,0,0,272.95,7,2,0
286.25,42,0,2,0.7,0,0,0,273.05,6,2,0
272.75,92,73,9,0.2,,,,272.65,0,1,0
,,,,,,,,,,,0
272.35,93,73,8,0.32,0.12,,,272.75,0,1,0
273.05,91,0,7,0.4,0.2,0.2,,272.65,1,1,0
273.05,91,70,8,0.4,0,0.2,,273.05,2,1,0
272.55,50,0,0,0.3,0,0,,269.45,7,2,0
279.25,42,0,0,0.3,0,0,,271.55,2,1,0
276.05,53,0,2,0.28,0,0,0.32,269.85,7,1,0
281.75,38,0,1,0.26,0,0,0.2,272.05,2,1,0
280.35,59,0,8,0.22,0,0,0,272.45,7,1,0
279.85,88,63,8,0.2,0,0,0,273.05,3,1,0
278.85,51,0,6,0.12,0,0,0,273.05,6,,0
282.75,38,0,5,0.11,0,0,0,273.05,6,1,0
280.55,61,0,0,0.1,0,0,0,273.15,7,,0
284.65,49,0,0,0.08,0,0,0,273.15,6,1,0
285.95,47,0,6,0.06,0,0,0,,6,,0
280.45,59,0,4,0,0,0,0,,0,,0
285.25,44,0,1,0,0,0,0,,0,,0
284.45,26,0,2,0,0,0,0,,0,,0
277.55,60,0,5,0,0,,0,,0,,0
279.55,70,0,5,,,,,,0,,0
274.95,100,45,9,0,0,0,,,0,,0
274.55,98,60,9,0,0,0,,,0,,0
274.75,67,0,1,0,0,0,,,0,,0
280.25,52,0,8,0,0,0,,,0,,0
279.95,95,63,8,0,0,0,,,0,,0
278.15,88,60,8,0,0,0,0,,0,,0
277.75,75,0,5,0,0,0,0,,3,,0
280.55,81,0,4,0,0,0,0,,0,,0
283.55,70,0,7,0,0,0,0,,0,,0
284.45,46,0,8,0,0,0,0,,0,,0
273.85,90,70,8,0.01,0.01,0.02,0.01,,0,,0
272.55,98,73,9,0.02,0.01,0.02,0.02,,0,,0
268.65,74,0,0,0.06,0.04,0.04,0.06,,0,,0
274.75,51,0,0,0.06,0,0.04,0.06,,0,,0
278.75,33,0,0,0.06,0,0,0.06,,0,,0
281.75,22,0,1,0.02,0,0,0.06,273.15,0,0,0
283.05,22,0,3,0,0,0,0.05,,0,,0
270.55,95,73,9,0.1,0.1,0.12,0.14,,1,,0
271.95,89,71,9,0.12,0.02,0.12,0.12,,1,,0
279.45,27,0,7,0.14,0.02,0.02,0.14,,1,,0
282.15,22,0,1,0.13,0,0.02,0.14,,1,,0
279.25,66,60,8,0,0,0,0.14,,0,,0
275.55,80,70,6,0.15,0.12,0.12,0.26,272.95,2,0,0
276.85,81,60,8,0.1,0,0.12,0.16,272.95,6,1,0
274.65,93,45,9,0.07,0.03,0.03,0.17,272.95,6,,0
278.65,57,0,3,0,0,0,0.15,,3,,0
281.85,45,0,3,0,0,0,0.15,,0,,0
273.15,75,0,3,0.02,0.02,0.02,0.05,,0,,0
274.25,74,70,8,0.02,0,0.02,0.05,,0,,0
269.45,87,73,9,0.22,0.2,0.24,0.22,272.05,1,1,0
268.95,87,86,9,0.26,0.04,0.24,0.26,271.75,1,1,0
,,,,0.3,0.13,0.13,0.39,,,,0
269.15,76,45,9,0.3,0,0.13,0.39,271.15,2,1,0
269.35,51,0,0,0.31,0.01,0.01,0.38,265.75,9,1,0
271.15,83,0,8,0.28,0.04,0.05,0.42,274.95,1,1,0
272.55,82,86,8,0.29,0.01,0.05,0.23,272.45,1,1,0
267.35,49,0,0,0.34,0.05,0.05,0.24,270.05,2,1,0
274.95,31,0,0,0.33,0,0.05,0.11,271.05,3,1,0
275.35,42,0,0,0.34,0,0,0.11,269.45,3,1,0
277.85,37,0,0,0.3,0,0,0.1,272.55,6,1,0
283.65,23,0,0,0.3,0,0,0.06,272.75,7,,0
286.15,15,0,0,0.3,0,0,0.05,273.15,6,,0
276.45,75,60,8,0.25,0,0,0,272.95,6,1,0
278.75,80,45,9,0.25,0,0,0,272.95,6,1,0
274.55,86,70,8,0.26,0.01,0.01,0.01,273.05,1,1,0
277.15,73,0,8,0.26,0,0.01,0.01,273.05,6,1,0
278.85,55,0,7,0.25,0,0,0.01,273.05,6,2,0
282.65,31,0,4,0.2,0,0,0.01,272.75,6,2,0
273.25,95,70,8,0.23,0.04,0.05,0.05,272.95,1,2,0
274.65,94,70,9,0.1,0.01,0.05,0.06,,1,2,0
274.05,64,70,5,0.2,0.1,0.1,0.15,272.95,1,0,0
276.15,55,0,4,0.2,0,0.1,0.15,272.95,2,1,0
270.75,96,73,9,0.28,0.15,0.34,0.3,272.45,1,0,0
271.65,90,75,9,0.45,0.19,0.34,0.49,272.45,1,0,0
271.25,92,70,8,0.55,0.29,0.33,0.74,271.35,1,0,0
273.15,88,73,8,0.6,0.04,0.33,0.77,272.45,9,1,0
268.65,96,49,9,0.7,0.1,0.1,0.77,271.05,8,0,1
269.85,61,0,2,0.7,0,0,0.77,266.85,7,1,1
269.85,61,0,2,0.7,0,0,0.77,266.85,7,1,1
269.85,61,0,2,0.7,0,0,0.77,266.85,7,1,1
269.85,61,0,2,0.7,0,0,0.77,266.85,7,1,1
269.85,61,0,2,0.7,0,0,0.77,266.85,7,1,1
269.85,61,0,2,0.7,0,0,0.77,266.85,7,1,1
276.55,40,0,1,0.7,0,0,0.62,271.25,7,1,1
276.55,40,0,1,0.7,0,0,0.62,271.25,7,1,1
